Province and City,Gender,Age group,Year,Population,Unemployment rate,Employment rate,Population Total
"St. John's, Newfoundland and Labrador",Men,15 to 24 years,2021,12.1,15.2,54.5,12100
"St. John's, Newfoundland and Labrador",Men,15 to 24 years,2022,14.3,13,60.8,14300
"St. John's, Newfoundland and Labrador",Men,15 to 24 years,2023,14.3,13.3,54.5,14300
"St. John's, Newfoundland and Labrador",Men,15 to 24 years,2024,15,17.2,55.3,15000
"St. John's, Newfoundland and Labrador",Men,15 to 24 years,2025,15.9,16.8,53.5,15900
"St. John's, Newfoundland and Labrador",Men,25 to 54 years,2021,44.6,8.4,81.2,44600
"St. John's, Newfoundland and Labrador",Men,25 to 54 years,2022,46.4,6.8,85.8,46400
"St. John's, Newfoundland and Labrador",Men,25 to 54 years,2023,46.5,5.5,85.6,46500
"St. John's, Newfoundland and Labrador",Men,25 to 54 years,2024,48.2,7,85.9,48200
"St. John's, Newfoundland and Labrador",Men,25 to 54 years,2025,50.2,6.4,84.9,50200
"St. John's, Newfoundland and Labrador",Men,55 years and over,2021,33.5,11.6,34.3,33500
"St. John's, Newfoundland and Labrador",Men,55 years and over,2022,32.2,9.6,37.9,32200
"St. John's, Newfoundland and Labrador",Men,55 years and over,2023,34.4,5.4,35.5,34400
"St. John's, Newfoundland and Labrador",Men,55 years and over,2024,35.3,7.5,34.8,35300
"St. John's, Newfoundland and Labrador",Men,55 years and over,2025,34.4,7.7,38.4,34400
"St. John's, Newfoundland and Labrador",Women,15 to 24 years,2021,13,13.3,60,13000
"St. John's, Newfoundland and Labrador",Women,15 to 24 years,2022,13.9,6.2,65.5,13900
"St. John's, Newfoundland and Labrador",Women,15 to 24 years,2023,14.5,10.2,60.7,14500
"St. John's, Newfoundland and Labrador",Women,15 to 24 years,2024,15.3,8.4,64.1,15300
"St. John's, Newfoundland and Labrador",Women,15 to 24 years,2025,15.5,13,55.5,15500
"St. John's, Newfoundland and Labrador",Women,25 to 54 years,2021,45.5,4.6,82,45500
"St. John's, Newfoundland and Labrador",Women,25 to 54 years,2022,46.4,4.2,83.2,46400
"St. John's, Newfoundland and Labrador",Women,25 to 54 years,2023,46.8,4.6,83.5,46800
"St. John's, Newfoundland and Labrador",Women,25 to 54 years,2024,47.6,4.1,83.8,47600
"St. John's, Newfoundland and Labrador",Women,25 to 54 years,2025,50.2,5.4,83.3,50200
"St. John's, Newfoundland and Labrador",Women,55 years and over,2021,37,7.1,24.9,37000
"St. John's, Newfoundland and Labrador",Women,55 years and over,2022,35.8,5.5,28.8,35800
"St. John's, Newfoundland and Labrador",Women,55 years and over,2023,38.5,x,27.8,38500
"St. John's, Newfoundland and Labrador",Women,55 years and over,2024,40.4,5.9,27.5,40400
"St. John's, Newfoundland and Labrador",Women,55 years and over,2025,40.2,x,29.4,40200
"Halifax, Nova Scotia",Men,15 to 24 years,2021,29.3,15.5,59.4,29300
"Halifax, Nova Scotia",Men,15 to 24 years,2022,32.7,11.6,58.7,32700
"Halifax, Nova Scotia",Men,15 to 24 years,2023,34.4,11.7,59,34400
"Halifax, Nova Scotia",Men,15 to 24 years,2024,33.6,11.5,59.5,33600
"Halifax, Nova Scotia",Men,15 to 24 years,2025,35.8,13.4,57.5,35800
"Halifax, Nova Scotia",Men,25 to 54 years,2021,97.2,6.9,86.1,97200
"Halifax, Nova Scotia",Men,25 to 54 years,2022,100.8,4.6,87.4,100800
"Halifax, Nova Scotia",Men,25 to 54 years,2023,106.1,4.4,87.9,106100
"Halifax, Nova Scotia",Men,25 to 54 years,2024,112.4,5,88.1,112400
"Halifax, Nova Scotia",Men,25 to 54 years,2025,119.4,5.5,87.1,119400
"Halifax, Nova Scotia",Men,55 years and over,2021,68,6.1,41,68000
"Halifax, Nova Scotia",Men,55 years and over,2022,69.4,2.9,42.9,69400
"Halifax, Nova Scotia",Men,55 years and over,2023,69.4,5.7,40.5,69400
"Halifax, Nova Scotia",Men,55 years and over,2024,74.8,4.3,41.8,74800
"Halifax, Nova Scotia",Men,55 years and over,2025,70.8,3.9,41.7,70800
"Halifax, Nova Scotia",Women,15 to 24 years,2021,28.8,13.6,61.5,28800
"Halifax, Nova Scotia",Women,15 to 24 years,2022,29.2,7.4,68.5,29200
"Halifax, Nova Scotia",Women,15 to 24 years,2023,31.3,9.3,62.3,31300
"Halifax, Nova Scotia",Women,15 to 24 years,2024,29.9,10,63.2,29900
"Halifax, Nova Scotia",Women,15 to 24 years,2025,32.8,11.7,59.8,32800
"Halifax, Nova Scotia",Women,25 to 54 years,2021,102.4,5.1,83.1,102400
"Halifax, Nova Scotia",Women,25 to 54 years,2022,103.1,3.5,83.6,103100
"Halifax, Nova Scotia",Women,25 to 54 years,2023,110.2,4.4,82.9,110200
"Halifax, Nova Scotia",Women,25 to 54 years,2024,114.4,4.7,84.2,114400
"Halifax, Nova Scotia",Women,25 to 54 years,2025,117.8,3.7,82.2,117800
"Halifax, Nova Scotia",Women,55 years and over,2021,74,8.3,29.7,74000
"Halifax, Nova Scotia",Women,55 years and over,2022,77.5,5.8,29.5,77500
"Halifax, Nova Scotia",Women,55 years and over,2023,76.5,4,31.2,76500
"Halifax, Nova Scotia",Women,55 years and over,2024,81.1,3.8,30.8,81100
"Halifax, Nova Scotia",Women,55 years and over,2025,79.9,2.9,29.3,79900
"Moncton, New Brunswick",Men,15 to 24 years,2021,9.6,16.4,63.5,9600
"Moncton, New Brunswick",Men,15 to 24 years,2022,9.3,12.1,62.4,9300
"Moncton, New Brunswick",Men,15 to 24 years,2023,10.3,11.9,57.3,10300
"Moncton, New Brunswick",Men,15 to 24 years,2024,10.1,11.5,53.5,10100
"Moncton, New Brunswick",Men,15 to 24 years,2025,11.8,17.3,52.5,11800
"Moncton, New Brunswick",Men,25 to 54 years,2021,34,6,87.4,34000
"Moncton, New Brunswick",Men,25 to 54 years,2022,33.5,3.9,87.5,33500
"Moncton, New Brunswick",Men,25 to 54 years,2023,36,5.1,88.3,36000
"Moncton, New Brunswick",Men,25 to 54 years,2024,38.9,5.6,87.4,38900
"Moncton, New Brunswick",Men,25 to 54 years,2025,41.5,3.9,88.9,41500
"Moncton, New Brunswick",Men,55 years and over,2021,22.3,6.3,39.9,22300
"Moncton, New Brunswick",Men,55 years and over,2022,25.3,x,39.1,25300
"Moncton, New Brunswick",Men,55 years and over,2023,24.9,6.3,35.7,24900
"Moncton, New Brunswick",Men,55 years and over,2024,27.3,6.4,37.4,27300
"Moncton, New Brunswick",Men,55 years and over,2025,27,5.4,38.9,27000
"Moncton, New Brunswick",Women,15 to 24 years,2021,9.5,13.2,61.1,9500
"Moncton, New Brunswick",Women,15 to 24 years,2022,8.9,10.2,59.6,8900
"Moncton, New Brunswick",Women,15 to 24 years,2023,10.9,9,66.1,10900
"Moncton, New Brunswick",Women,15 to 24 years,2024,10.3,11.1,63.1,10300
"Moncton, New Brunswick",Women,15 to 24 years,2025,11,15.3,56.4,11000
"Moncton, New Brunswick",Women,25 to 54 years,2021,33,5.4,85.8,33000
"Moncton, New Brunswick",Women,25 to 54 years,2022,34.2,2.6,86.5,34200
"Moncton, New Brunswick",Women,25 to 54 years,2023,36.2,3.8,84.8,36200
"Moncton, New Brunswick",Women,25 to 54 years,2024,38.9,3.5,84.3,38900
"Moncton, New Brunswick",Women,25 to 54 years,2025,40.3,5.4,83.1,40300
"Moncton, New Brunswick",Women,55 years and over,2021,25.9,9.7,32.4,25900
"Moncton, New Brunswick",Women,55 years and over,2022,28.8,6.8,28.5,28800
"Moncton, New Brunswick",Women,55 years and over,2023,29.6,x,25.7,29600
"Moncton, New Brunswick",Women,55 years and over,2024,31.1,x,27.7,31100
"Moncton, New Brunswick",Women,55 years and over,2025,30.6,x,24.8,30600
"Saint John, New Brunswick",Men,15 to 24 years,2021,8.3,13.6,60.2,8300
"Saint John, New Brunswick",Men,15 to 24 years,2022,8.8,21.1,51.1,8800
"Saint John, New Brunswick",Men,15 to 24 years,2023,8,18,51.3,8000
"Saint John, New Brunswick",Men,15 to 24 years,2024,8.8,15.1,52.3,8800
"Saint John, New Brunswick",Men,15 to 24 years,2025,8.2,17.6,51.2,8200
"Saint John, New Brunswick",Men,25 to 54 years,2021,24.2,9.2,81,24200
"Saint John, New Brunswick",Men,25 to 54 years,2022,23.9,4.2,85.8,23900
"Saint John, New Brunswick",Men,25 to 54 years,2023,26.4,5,87.1,26400
"Saint John, New Brunswick",Men,25 to 54 years,2024,28.3,6.6,84.8,28300
"Saint John, New Brunswick",Men,25 to 54 years,2025,26.4,6.6,85.2,26400
"Saint John, New Brunswick",Men,55 years and over,2021,22.2,11.1,36,22200
"Saint John, New Brunswick",Men,55 years and over,2022,22.8,9.4,33.8,22800
"Saint John, New Brunswick",Men,55 years and over,2023,23.3,x,33.5,23300
"Saint John, New Brunswick",Men,55 years and over,2024,21.8,5.6,39,21800
"Saint John, New Brunswick",Men,55 years and over,2025,23,7.6,31.7,23000
"Saint John, New Brunswick",Women,15 to 24 years,2021,6.8,10.9,60.3,6800
"Saint John, New Brunswick",Women,15 to 24 years,2022,7.6,x,63.2,7600
"Saint John, New Brunswick",Women,15 to 24 years,2023,6.4,x,62.5,6400
"Saint John, New Brunswick",Women,15 to 24 years,2024,8.1,10,55.6,8100
"Saint John, New Brunswick",Women,15 to 24 years,2025,8.8,16.7,51.1,8800
"Saint John, New Brunswick",Women,25 to 54 years,2021,24.4,8.7,77.9,24400
"Saint John, New Brunswick",Women,25 to 54 years,2022,25.9,5.7,82.6,25900
"Saint John, New Brunswick",Women,25 to 54 years,2023,26.5,3.5,83.4,26500
"Saint John, New Brunswick",Women,25 to 54 years,2024,27.1,4.3,83,27100
"Saint John, New Brunswick",Women,25 to 54 years,2025,26.9,4,81,26900
"Saint John, New Brunswick",Women,55 years and over,2021,25.3,5.9,31.6,25300
"Saint John, New Brunswick",Women,55 years and over,2022,24.4,x,29.1,24400
"Saint John, New Brunswick",Women,55 years and over,2023,25.3,x,27.3,25300
"Saint John, New Brunswick",Women,55 years and over,2024,24.7,x,28.7,24700
"Saint John, New Brunswick",Women,55 years and over,2025,26.9,x,28.3,26900
"Fredericton, New Brunswick",Men,15 to 24 years,2021,6.5,10.6,64.6,6500
"Fredericton, New Brunswick",Men,15 to 24 years,2022,7.3,10,61.6,7300
"Fredericton, New Brunswick",Men,15 to 24 years,2023,7.2,12.8,56.9,7200
"Fredericton, New Brunswick",Men,15 to 24 years,2024,8.4,13.2,54.8,8400
"Fredericton, New Brunswick",Men,15 to 24 years,2025,7.9,17.4,49.4,7900
"Fredericton, New Brunswick",Men,25 to 54 years,2021,20.6,4.7,87.9,20600
"Fredericton, New Brunswick",Men,25 to 54 years,2022,21.4,5.7,85,21400
"Fredericton, New Brunswick",Men,25 to 54 years,2023,22.2,4.8,88.7,22200
"Fredericton, New Brunswick",Men,25 to 54 years,2024,24,6.5,84.2,24000
"Fredericton, New Brunswick",Men,25 to 54 years,2025,25.7,5.1,86.4,25700
"Fredericton, New Brunswick",Men,55 years and over,2021,15.2,9.7,36.8,15200
"Fredericton, New Brunswick",Men,55 years and over,2022,14.8,x,43.9,14800
"Fredericton, New Brunswick",Men,55 years and over,2023,17,x,34.7,17000
"Fredericton, New Brunswick",Men,55 years and over,2024,17.4,x,36.8,17400
"Fredericton, New Brunswick",Men,55 years and over,2025,16.9,x,39.1,16900
"Fredericton, New Brunswick",Women,15 to 24 years,2021,7.9,10.7,63.3,7900
"Fredericton, New Brunswick",Women,15 to 24 years,2022,8.6,x,67.4,8600
"Fredericton, New Brunswick",Women,15 to 24 years,2023,7.3,x,61.6,7300
"Fredericton, New Brunswick",Women,15 to 24 years,2024,7.4,10.6,56.8,7400
"Fredericton, New Brunswick",Women,15 to 24 years,2025,7.3,19.6,50.7,7300
"Fredericton, New Brunswick",Women,25 to 54 years,2021,22.6,5.1,82.7,22600
"Fredericton, New Brunswick",Women,25 to 54 years,2022,22.6,4,85.4,22600
"Fredericton, New Brunswick",Women,25 to 54 years,2023,23.9,x,84.1,23900
"Fredericton, New Brunswick",Women,25 to 54 years,2024,26.3,3,86.3,26300
"Fredericton, New Brunswick",Women,25 to 54 years,2025,26.8,4.2,85.1,26800
"Fredericton, New Brunswick",Women,55 years and over,2021,18.7,x,27.3,18700
"Fredericton, New Brunswick",Women,55 years and over,2022,19.5,x,26.2,19500
"Fredericton, New Brunswick",Women,55 years and over,2023,20.3,x,27.1,20300
"Fredericton, New Brunswick",Women,55 years and over,2024,18.3,x,26.8,18300
"Fredericton, New Brunswick",Women,55 years and over,2025,19.4,x,27.3,19400
"Saguenay, Quebec",Men,15 to 24 years,2021,7.6,x,71.1,7600
"Saguenay, Quebec",Men,15 to 24 years,2022,8.4,x,76.2,8400
"Saguenay, Quebec",Men,15 to 24 years,2023,7,x,68.6,7000
"Saguenay, Quebec",Men,15 to 24 years,2024,9.5,x,72.6,9500
"Saguenay, Quebec",Men,15 to 24 years,2025,9.9,x,68.7,9900
"Saguenay, Quebec",Men,25 to 54 years,2021,27.1,x,88.9,27100
"Saguenay, Quebec",Men,25 to 54 years,2022,28.2,x,89.4,28200
"Saguenay, Quebec",Men,25 to 54 years,2023,27.5,x,89.1,27500
"Saguenay, Quebec",Men,25 to 54 years,2024,26.5,x,90.2,26500
"Saguenay, Quebec",Men,25 to 54 years,2025,32,x,87.2,32000
"Saguenay, Quebec",Men,55 years and over,2021,33.7,x,29.1,33700
"Saguenay, Quebec",Men,55 years and over,2022,31.6,x,33.5,31600
"Saguenay, Quebec",Men,55 years and over,2023,33.8,x,33.4,33800
"Saguenay, Quebec",Men,55 years and over,2024,34.9,x,31.2,34900
"Saguenay, Quebec",Men,55 years and over,2025,31.5,x,29.5,31500
"Saguenay, Quebec",Women,15 to 24 years,2021,6.9,x,73.9,6900
"Saguenay, Quebec",Women,15 to 24 years,2022,6.5,x,73.8,6500
"Saguenay, Quebec",Women,15 to 24 years,2023,6.9,x,75.4,6900
"Saguenay, Quebec",Women,15 to 24 years,2024,8.6,x,81.4,8600
"Saguenay, Quebec",Women,15 to 24 years,2025,9.5,x,75.8,9500
"Saguenay, Quebec",Women,25 to 54 years,2021,25,x,86.8,25000
"Saguenay, Quebec",Women,25 to 54 years,2022,26.2,x,88.2,26200
"Saguenay, Quebec",Women,25 to 54 years,2023,26.9,x,87.4,26900
"Saguenay, Quebec",Women,25 to 54 years,2024,25.4,x,88.2,25400
"Saguenay, Quebec",Women,25 to 54 years,2025,27.8,x,87.8,27800
"Saguenay, Quebec",Women,55 years and over,2021,35.4,x,22.9,35400
"Saguenay, Quebec",Women,55 years and over,2022,36,x,23.6,36000
"Saguenay, Quebec",Women,55 years and over,2023,36.9,x,21.4,36900
"Saguenay, Quebec",Women,55 years and over,2024,36.7,x,23.2,36700
"Saguenay, Quebec",Women,55 years and over,2025,33,x,21.8,33000
"Québec, Quebec",Men,15 to 24 years,2021,44.1,7.7,67.6,44100
"Québec, Quebec",Men,15 to 24 years,2022,44.8,4.5,70.1,44800
"Québec, Quebec",Men,15 to 24 years,2023,48.4,6.5,70.9,48400
"Québec, Quebec",Men,15 to 24 years,2024,47.9,7.4,70.6,47900
"Québec, Quebec",Men,15 to 24 years,2025,50.4,10.3,67.7,50400
"Québec, Quebec",Men,25 to 54 years,2021,165,2.8,91.8,165000
"Québec, Quebec",Men,25 to 54 years,2022,165.2,2.6,92.1,165200
"Québec, Quebec",Men,25 to 54 years,2023,168.9,2.2,93.5,168900
"Québec, Quebec",Men,25 to 54 years,2024,169.8,3.6,91.1,169800
"Québec, Quebec",Men,25 to 54 years,2025,188.6,3.3,91.5,188600
"Québec, Quebec",Men,55 years and over,2021,137.7,4.3,37.2,137700
"Québec, Quebec",Men,55 years and over,2022,137.9,3,37.4,137900
"Québec, Quebec",Men,55 years and over,2023,135.9,3,38.4,135900
"Québec, Quebec",Men,55 years and over,2024,144.8,3.6,39.1,144800
"Québec, Quebec",Men,55 years and over,2025,141.6,3.4,38.2,141600
"Québec, Quebec",Women,15 to 24 years,2021,40.8,6.8,70.6,40800
"Québec, Quebec",Women,15 to 24 years,2022,41.9,x,74.9,41900
"Québec, Quebec",Women,15 to 24 years,2023,46.4,x,80.4,46400
"Québec, Quebec",Women,15 to 24 years,2024,49.4,6.4,73.9,49400
"Québec, Quebec",Women,15 to 24 years,2025,51.4,7.5,73.7,51400
"Québec, Quebec",Women,25 to 54 years,2021,158.7,3.4,88.3,158700
"Québec, Quebec",Women,25 to 54 years,2022,160.7,2.2,89.7,160700
"Québec, Quebec",Women,25 to 54 years,2023,166.6,2.3,89.8,166600
"Québec, Quebec",Women,25 to 54 years,2024,164.5,3,89.4,164500
"Québec, Quebec",Women,25 to 54 years,2025,172.3,3.1,91.1,172300
"Québec, Quebec",Women,55 years and over,2021,150.4,6.5,25.7,150400
"Québec, Quebec",Women,55 years and over,2022,155.3,4.3,25.9,155300
"Québec, Quebec",Women,55 years and over,2023,154,x,26.6,154000
"Québec, Quebec",Women,55 years and over,2024,162.7,3.3,28.6,162700
"Québec, Quebec",Women,55 years and over,2025,150.1,4.4,24.8,150100
"Sherbrooke, Quebec",Men,15 to 24 years,2021,14.3,x,60.8,14300
"Sherbrooke, Quebec",Men,15 to 24 years,2022,13.9,x,65.5,13900
"Sherbrooke, Quebec",Men,15 to 24 years,2023,13,x,63.1,13000
"Sherbrooke, Quebec",Men,15 to 24 years,2024,13.6,x,70.6,13600
"Sherbrooke, Quebec",Men,15 to 24 years,2025,15.4,x,64.9,15400
"Sherbrooke, Quebec",Men,25 to 54 years,2021,40.2,x,86.3,40200
"Sherbrooke, Quebec",Men,25 to 54 years,2022,40.5,x,87.2,40500
"Sherbrooke, Quebec",Men,25 to 54 years,2023,44.6,4.5,85.7,44600
"Sherbrooke, Quebec",Men,25 to 54 years,2024,46,4.5,88,46000
"Sherbrooke, Quebec",Men,25 to 54 years,2025,45.2,5.1,86.9,45200
"Sherbrooke, Quebec",Men,55 years and over,2021,39,x,38.5,39000
"Sherbrooke, Quebec",Men,55 years and over,2022,41.5,x,35.4,41500
"Sherbrooke, Quebec",Men,55 years and over,2023,39.8,x,32.7,39800
"Sherbrooke, Quebec",Men,55 years and over,2024,40.9,x,32.5,40900
"Sherbrooke, Quebec",Men,55 years and over,2025,41.8,x,31.1,41800
"Sherbrooke, Quebec",Women,15 to 24 years,2021,12.4,x,69.4,12400
"Sherbrooke, Quebec",Women,15 to 24 years,2022,11.8,x,73.7,11800
"Sherbrooke, Quebec",Women,15 to 24 years,2023,13.4,x,68.7,13400
"Sherbrooke, Quebec",Women,15 to 24 years,2024,14.7,x,69.4,14700
"Sherbrooke, Quebec",Women,15 to 24 years,2025,13.1,x,71,13100
"Sherbrooke, Quebec",Women,25 to 54 years,2021,40.5,x,86.4,40500
"Sherbrooke, Quebec",Women,25 to 54 years,2022,41.3,x,85.5,41300
"Sherbrooke, Quebec",Women,25 to 54 years,2023,41.3,x,83.3,41300
"Sherbrooke, Quebec",Women,25 to 54 years,2024,43.2,x,85.4,43200
"Sherbrooke, Quebec",Women,25 to 54 years,2025,44.7,4,85.9,44700
"Sherbrooke, Quebec",Women,55 years and over,2021,44.9,x,24.3,44900
"Sherbrooke, Quebec",Women,55 years and over,2022,45.4,x,22.7,45400
"Sherbrooke, Quebec",Women,55 years and over,2023,46,x,24.8,46000
"Sherbrooke, Quebec",Women,55 years and over,2024,45.2,x,22.6,45200
"Sherbrooke, Quebec",Women,55 years and over,2025,47.8,x,23,47800
"Trois-Rivières, Quebec",Men,15 to 24 years,2021,7.5,x,69.3,7500
"Trois-Rivières, Quebec",Men,15 to 24 years,2022,8.4,x,67.9,8400
"Trois-Rivières, Quebec",Men,15 to 24 years,2023,8.7,x,70.1,8700
"Trois-Rivières, Quebec",Men,15 to 24 years,2024,10.7,x,68.2,10700
"Trois-Rivières, Quebec",Men,15 to 24 years,2025,11.5,x,67.8,11500
"Trois-Rivières, Quebec",Men,25 to 54 years,2021,30.7,x,86,30700
"Trois-Rivières, Quebec",Men,25 to 54 years,2022,30,x,86,30000
"Trois-Rivières, Quebec",Men,25 to 54 years,2023,29.6,x,86.8,29600
"Trois-Rivières, Quebec",Men,25 to 54 years,2024,30.8,5.3,87.3,30800
"Trois-Rivières, Quebec",Men,25 to 54 years,2025,32.8,x,86,32800
"Trois-Rivières, Quebec",Men,55 years and over,2021,29.9,x,30.8,29900
"Trois-Rivières, Quebec",Men,55 years and over,2022,30.4,x,30.6,30400
"Trois-Rivières, Quebec",Men,55 years and over,2023,31.3,x,30.4,31300
"Trois-Rivières, Quebec",Men,55 years and over,2024,28.8,x,31.3,28800
"Trois-Rivières, Quebec",Men,55 years and over,2025,29.7,x,29.6,29700
"Trois-Rivières, Quebec",Women,15 to 24 years,2021,8,x,71.3,8000
"Trois-Rivières, Quebec",Women,15 to 24 years,2022,7.5,x,74.7,7500
"Trois-Rivières, Quebec",Women,15 to 24 years,2023,9.3,x,74.2,9300
"Trois-Rivières, Quebec",Women,15 to 24 years,2024,12,x,70,12000
"Trois-Rivières, Quebec",Women,15 to 24 years,2025,9.8,x,70.4,9800
"Trois-Rivières, Quebec",Women,25 to 54 years,2021,28.1,x,86.5,28100
"Trois-Rivières, Quebec",Women,25 to 54 years,2022,29.4,x,85.4,29400
"Trois-Rivières, Quebec",Women,25 to 54 years,2023,29.4,x,86.4,29400
"Trois-Rivières, Quebec",Women,25 to 54 years,2024,30.4,x,83.9,30400
"Trois-Rivières, Quebec",Women,25 to 54 years,2025,31.3,x,85.6,31300
"Trois-Rivières, Quebec",Women,55 years and over,2021,32.6,x,19.3,32600
"Trois-Rivières, Quebec",Women,55 years and over,2022,33.1,x,22.7,33100
"Trois-Rivières, Quebec",Women,55 years and over,2023,32.6,x,22.1,32600
"Trois-Rivières, Quebec",Women,55 years and over,2024,31.9,x,21.9,31900
"Trois-Rivières, Quebec",Women,55 years and over,2025,32.2,x,21.4,32200
"Drummondville, Québec ",Men,15 to 24 years,2021,7.6,x,81.6,7600
"Drummondville, Québec ",Men,15 to 24 years,2022,6.2,x,80.6,6200
"Drummondville, Québec ",Men,15 to 24 years,2023,5.9,x,83.1,5900
"Drummondville, Québec ",Men,15 to 24 years,2024,4.3,x,72.1,4300
"Drummondville, Québec ",Men,15 to 24 years,2025,6.1,x,63.9,6100
"Drummondville, Québec ",Men,25 to 54 years,2021,22,x,90.9,22000
"Drummondville, Québec ",Men,25 to 54 years,2022,19.1,x,88,19100
"Drummondville, Québec ",Men,25 to 54 years,2023,18.4,x,92.4,18400
"Drummondville, Québec ",Men,25 to 54 years,2024,14.4,x,84.7,14400
"Drummondville, Québec ",Men,25 to 54 years,2025,21.4,x,82.7,21400
"Drummondville, Québec ",Men,55 years and over,2021,21.5,x,40,21500
"Drummondville, Québec ",Men,55 years and over,2022,24.1,x,30.7,24100
"Drummondville, Québec ",Men,55 years and over,2023,20.4,x,43.1,20400
"Drummondville, Québec ",Men,55 years and over,2024,16.6,x,42.8,16600
"Drummondville, Québec ",Men,55 years and over,2025,14.7,x,42.2,14700
"Drummondville, Québec ",Women,15 to 24 years,2021,7.8,x,70.5,7800
"Drummondville, Québec ",Women,15 to 24 years,2022,6.5,x,67.7,6500
"Drummondville, Québec ",Women,15 to 24 years,2023,7.2,x,66.7,7200
"Drummondville, Québec ",Women,15 to 24 years,2024,3.4,x,64.7,3400
"Drummondville, Québec ",Women,15 to 24 years,2025,6,x,76.7,6000
"Drummondville, Québec ",Women,25 to 54 years,2021,20.6,x,92.2,20600
"Drummondville, Québec ",Women,25 to 54 years,2022,16.1,x,91.3,16100
"Drummondville, Québec ",Women,25 to 54 years,2023,17.8,x,83.1,17800
"Drummondville, Québec ",Women,25 to 54 years,2024,14.7,x,76.9,14700
"Drummondville, Québec ",Women,25 to 54 years,2025,16.6,x,81.3,16600
"Drummondville, Québec ",Women,55 years and over,2021,22.1,x,23.5,22100
"Drummondville, Québec ",Women,55 years and over,2022,26.4,x,28.4,26400
"Drummondville, Québec ",Women,55 years and over,2023,18.5,x,28.1,18500
"Drummondville, Québec ",Women,55 years and over,2024,18.5,x,24.3,18500
"Drummondville, Québec ",Women,55 years and over,2025,17.5,x,22.3,17500
"Montréal, Quebec",Men,15 to 24 years,2021,255,11.5,56.2,255000
"Montréal, Quebec",Men,15 to 24 years,2022,254,9.8,56.7,254000
"Montréal, Quebec",Men,15 to 24 years,2023,257.8,9.7,58.5,257800
"Montréal, Quebec",Men,15 to 24 years,2024,288.2,11.5,55,288200
"Montréal, Quebec",Men,15 to 24 years,2025,280.6,12.8,52.6,280600
"Montréal, Quebec",Men,25 to 54 years,2021,924.4,6.4,85.3,924400
"Montréal, Quebec",Men,25 to 54 years,2022,912.1,4,88.7,912100
"Montréal, Quebec",Men,25 to 54 years,2023,928.7,4.9,87.8,928700
"Montréal, Quebec",Men,25 to 54 years,2024,951.9,5.5,86.5,951900
"Montréal, Quebec",Men,25 to 54 years,2025,970.5,6.1,86.3,970500
"Montréal, Quebec",Men,55 years and over,2021,578.7,6.6,40.9,578700
"Montréal, Quebec",Men,55 years and over,2022,609.4,5.3,40.9,609400
"Montréal, Quebec",Men,55 years and over,2023,624.4,5,44.1,624400
"Montréal, Quebec",Men,55 years and over,2024,645.6,5.8,40.9,645600
"Montréal, Quebec",Men,55 years and over,2025,662.5,6.4,39.7,662500
"Montréal, Quebec",Women,15 to 24 years,2021,243,9.6,58.4,243000
"Montréal, Quebec",Women,15 to 24 years,2022,249.6,8.2,60.2,249600
"Montréal, Quebec",Women,15 to 24 years,2023,250.4,7.8,62.5,250400
"Montréal, Quebec",Women,15 to 24 years,2024,262.5,10.3,57.4,262500
"Montréal, Quebec",Women,15 to 24 years,2025,276.3,9.1,60,276300
"Montréal, Quebec",Women,25 to 54 years,2021,906.1,5.9,80.7,906100
"Montréal, Quebec",Women,25 to 54 years,2022,893.7,4.2,83.4,893700
"Montréal, Quebec",Women,25 to 54 years,2023,903,4.3,84.6,903000
"Montréal, Quebec",Women,25 to 54 years,2024,920.4,5.5,82.3,920400
"Montréal, Quebec",Women,25 to 54 years,2025,936.4,5.4,82.1,936400
"Montréal, Quebec",Women,55 years and over,2021,658.4,7.6,28.4,658400
"Montréal, Quebec",Women,55 years and over,2022,666.5,4,29.9,666500
"Montréal, Quebec",Women,55 years and over,2023,694.3,4.3,31.4,694300
"Montréal, Quebec",Women,55 years and over,2024,703.7,5,29.2,703700
"Montréal, Quebec",Women,55 years and over,2025,733.5,4.9,30.9,733500
"Ottawa-Gatineau, Quebec",Men,15 to 24 years,2021,19.9,14,55.8,19900
"Ottawa-Gatineau, Quebec",Men,15 to 24 years,2022,19.2,x,65.6,19200
"Ottawa-Gatineau, Quebec",Men,15 to 24 years,2023,20.3,10.9,60.6,20300
"Ottawa-Gatineau, Quebec",Men,15 to 24 years,2024,20.1,17.4,56.7,20100
"Ottawa-Gatineau, Quebec",Men,15 to 24 years,2025,25,15,61.6,25000
"Ottawa-Gatineau, Quebec",Men,25 to 54 years,2021,67.5,4.3,88.9,67500
"Ottawa-Gatineau, Quebec",Men,25 to 54 years,2022,70.4,3.5,89.3,70400
"Ottawa-Gatineau, Quebec",Men,25 to 54 years,2023,73,3.9,87.8,73000
"Ottawa-Gatineau, Quebec",Men,25 to 54 years,2024,73.4,5.1,88.3,73400
"Ottawa-Gatineau, Quebec",Men,25 to 54 years,2025,73.9,6.3,85.9,73900
"Ottawa-Gatineau, Quebec",Men,55 years and over,2021,53.4,x,38.4,53400
"Ottawa-Gatineau, Quebec",Men,55 years and over,2022,53.3,x,41.5,53300
"Ottawa-Gatineau, Quebec",Men,55 years and over,2023,52.2,x,38.5,52200
"Ottawa-Gatineau, Quebec",Men,55 years and over,2024,52.8,x,36.6,52800
"Ottawa-Gatineau, Quebec",Men,55 years and over,2025,54.1,x,34,54100
"Ottawa-Gatineau, Quebec",Women,15 to 24 years,2021,18,12.6,61.7,18000
"Ottawa-Gatineau, Quebec",Women,15 to 24 years,2022,18.5,x,66.5,18500
"Ottawa-Gatineau, Quebec",Women,15 to 24 years,2023,21,x,69,21000
"Ottawa-Gatineau, Quebec",Women,15 to 24 years,2024,21.2,12.5,62.7,21200
"Ottawa-Gatineau, Quebec",Women,15 to 24 years,2025,20.8,12.6,59.6,20800
"Ottawa-Gatineau, Quebec",Women,25 to 54 years,2021,71.7,3.3,86.6,71700
"Ottawa-Gatineau, Quebec",Women,25 to 54 years,2022,74.2,2.3,87.6,74200
"Ottawa-Gatineau, Quebec",Women,25 to 54 years,2023,74.4,3,87.5,74400
"Ottawa-Gatineau, Quebec",Women,25 to 54 years,2024,75.4,4,86.5,75400
"Ottawa-Gatineau, Quebec",Women,25 to 54 years,2025,74.5,4.1,87,74500
"Ottawa-Gatineau, Quebec",Women,55 years and over,2021,59.3,x,23.6,59300
"Ottawa-Gatineau, Quebec",Women,55 years and over,2022,56.9,x,28.8,56900
"Ottawa-Gatineau, Quebec",Women,55 years and over,2023,56.2,x,26.7,56200
"Ottawa-Gatineau, Quebec",Women,55 years and over,2024,59.1,x,28.8,59100
"Ottawa-Gatineau, Quebec",Women,55 years and over,2025,59.1,x,24.5,59100
"Ottawa-Gatineau, Ontario",Men,15 to 24 years,2021,76.4,15.5,51.4,76400
"Ottawa-Gatineau, Ontario",Men,15 to 24 years,2022,83.6,10.8,57.3,83600
"Ottawa-Gatineau, Ontario",Men,15 to 24 years,2023,86.9,6.5,63.3,86900
"Ottawa-Gatineau, Ontario",Men,15 to 24 years,2024,88.7,14.6,55.4,88700
"Ottawa-Gatineau, Ontario",Men,15 to 24 years,2025,106.1,17.2,51,106100
"Ottawa-Gatineau, Ontario",Men,25 to 54 years,2021,229.9,4.6,88.5,229900
"Ottawa-Gatineau, Ontario",Men,25 to 54 years,2022,240.5,2.8,89.9,240500
"Ottawa-Gatineau, Ontario",Men,25 to 54 years,2023,257.5,3.6,89.6,257500
"Ottawa-Gatineau, Ontario",Men,25 to 54 years,2024,267.3,4.4,89.3,267300
"Ottawa-Gatineau, Ontario",Men,25 to 54 years,2025,257.8,5.6,88.2,257800
"Ottawa-Gatineau, Ontario",Men,55 years and over,2021,176.6,3.3,45.9,176600
"Ottawa-Gatineau, Ontario",Men,55 years and over,2022,170,3.2,42.6,170000
"Ottawa-Gatineau, Ontario",Men,55 years and over,2023,165.3,2.6,43.4,165300
"Ottawa-Gatineau, Ontario",Men,55 years and over,2024,162.5,3.1,42,162500
"Ottawa-Gatineau, Ontario",Men,55 years and over,2025,170.3,4,41.9,170300
"Ottawa-Gatineau, Ontario",Women,15 to 24 years,2021,73.8,12,56.8,73800
"Ottawa-Gatineau, Ontario",Women,15 to 24 years,2022,72.6,8.2,63.2,72600
"Ottawa-Gatineau, Ontario",Women,15 to 24 years,2023,78.8,7.6,62.1,78800
"Ottawa-Gatineau, Ontario",Women,15 to 24 years,2024,90.4,12.5,59,90400
"Ottawa-Gatineau, Ontario",Women,15 to 24 years,2025,90.9,11.6,55.4,90900
"Ottawa-Gatineau, Ontario",Women,25 to 54 years,2021,240.1,5.1,82.9,240100
"Ottawa-Gatineau, Ontario",Women,25 to 54 years,2022,248.4,3.6,83.7,248400
"Ottawa-Gatineau, Ontario",Women,25 to 54 years,2023,253.6,5,84.2,253600
"Ottawa-Gatineau, Ontario",Women,25 to 54 years,2024,271,4.2,84.2,271000
"Ottawa-Gatineau, Ontario",Women,25 to 54 years,2025,276,5,82.5,276000
"Ottawa-Gatineau, Ontario",Women,55 years and over,2021,179.1,5.4,31.2,179100
"Ottawa-Gatineau, Ontario",Women,55 years and over,2022,180.1,3.9,28.7,180100
"Ottawa-Gatineau, Ontario",Women,55 years and over,2023,180.5,3.6,31.6,180500
"Ottawa-Gatineau, Ontario",Women,55 years and over,2024,178.6,4.1,31.1,178600
"Ottawa-Gatineau, Ontario",Women,55 years and over,2025,184.6,3.1,30.8,184600
"Kingston, Ontario",Men,15 to 24 years,2021,9.2,x,55.4,9200
"Kingston, Ontario",Men,15 to 24 years,2022,11.1,x,56.8,11100
"Kingston, Ontario",Men,15 to 24 years,2023,11.3,x,57.5,11300
"Kingston, Ontario",Men,15 to 24 years,2024,12.3,x,53.7,12300
"Kingston, Ontario",Men,15 to 24 years,2025,13.2,x,53.8,13200
"Kingston, Ontario",Men,25 to 54 years,2021,32.9,9.2,80.9,32900
"Kingston, Ontario",Men,25 to 54 years,2022,34.7,x,85.3,34700
"Kingston, Ontario",Men,25 to 54 years,2023,38.1,x,87.4,38100
"Kingston, Ontario",Men,25 to 54 years,2024,37.6,6.2,84.6,37600
"Kingston, Ontario",Men,25 to 54 years,2025,38,6.7,83.7,38000
"Kingston, Ontario",Men,55 years and over,2021,28.9,x,36.7,28900
"Kingston, Ontario",Men,55 years and over,2022,25.9,x,35.1,25900
"Kingston, Ontario",Men,55 years and over,2023,26,x,34.2,26000
"Kingston, Ontario",Men,55 years and over,2024,27.3,x,33.7,27300
"Kingston, Ontario",Men,55 years and over,2025,27.6,x,33.7,27600
"Kingston, Ontario",Women,15 to 24 years,2021,8,x,51.3,8000
"Kingston, Ontario",Women,15 to 24 years,2022,10.9,x,59.6,10900
"Kingston, Ontario",Women,15 to 24 years,2023,9.8,x,60.2,9800
"Kingston, Ontario",Women,15 to 24 years,2024,10.6,x,53.8,10600
"Kingston, Ontario",Women,15 to 24 years,2025,12.8,x,57.8,12800
"Kingston, Ontario",Women,25 to 54 years,2021,33,x,80,33000
"Kingston, Ontario",Women,25 to 54 years,2022,34.5,x,82,34500
"Kingston, Ontario",Women,25 to 54 years,2023,36.9,x,81.8,36900
"Kingston, Ontario",Women,25 to 54 years,2024,38.3,4.5,82.2,38300
"Kingston, Ontario",Women,25 to 54 years,2025,37.6,x,80.6,37600
"Kingston, Ontario",Women,55 years and over,2021,35.1,x,28.2,35100
"Kingston, Ontario",Women,55 years and over,2022,33.2,x,28,33200
"Kingston, Ontario",Women,55 years and over,2023,31.9,x,26.6,31900
"Kingston, Ontario",Women,55 years and over,2024,33.1,x,25.7,33100
"Kingston, Ontario",Women,55 years and over,2025,32.6,x,27.6,32600
"Belleville - Quinte West, Ontario",Men,15 to 24 years,2021,6.5,x,73.8,6500
"Belleville - Quinte West, Ontario",Men,15 to 24 years,2022,6.3,x,57.1,6300
"Belleville - Quinte West, Ontario",Men,15 to 24 years,2023,8.3,x,71.1,8300
"Belleville - Quinte West, Ontario",Men,15 to 24 years,2024,6,x,66.7,6000
"Belleville - Quinte West, Ontario",Men,15 to 24 years,2025,5.2,x,55.8,5200
"Belleville - Quinte West, Ontario",Men,25 to 54 years,2021,20,10.6,71,20000
"Belleville - Quinte West, Ontario",Men,25 to 54 years,2022,23.8,x,87.8,23800
"Belleville - Quinte West, Ontario",Men,25 to 54 years,2023,23.5,x,80.9,23500
"Belleville - Quinte West, Ontario",Men,25 to 54 years,2024,19.7,x,78.7,19700
"Belleville - Quinte West, Ontario",Men,25 to 54 years,2025,20.8,x,78.8,20800
"Belleville - Quinte West, Ontario",Men,55 years and over,2021,21.1,x,41.7,21100
"Belleville - Quinte West, Ontario",Men,55 years and over,2022,20.3,x,38.9,20300
"Belleville - Quinte West, Ontario",Men,55 years and over,2023,20.4,x,34.3,20400
"Belleville - Quinte West, Ontario",Men,55 years and over,2024,21.6,x,21.8,21600
"Belleville - Quinte West, Ontario",Men,55 years and over,2025,18.8,x,33,18800
"Belleville - Quinte West, Ontario",Women,15 to 24 years,2021,6.8,x,52.9,6800
"Belleville - Quinte West, Ontario",Women,15 to 24 years,2022,4.4,x,65.9,4400
"Belleville - Quinte West, Ontario",Women,15 to 24 years,2023,10.3,x,51.5,10300
"Belleville - Quinte West, Ontario",Women,15 to 24 years,2024,3.7,x,54.1,3700
"Belleville - Quinte West, Ontario",Women,15 to 24 years,2025,5.1,x,47.1,5100
"Belleville - Quinte West, Ontario",Women,25 to 54 years,2021,18.4,x,83.2,18400
"Belleville - Quinte West, Ontario",Women,25 to 54 years,2022,19.8,x,81.8,19800
"Belleville - Quinte West, Ontario",Women,25 to 54 years,2023,23.4,x,84.6,23400
"Belleville - Quinte West, Ontario",Women,25 to 54 years,2024,18,x,63.3,18000
"Belleville - Quinte West, Ontario",Women,25 to 54 years,2025,20.3,x,81.8,20300
"Belleville - Quinte West, Ontario",Women,55 years and over,2021,25.7,x,19.1,25700
"Belleville - Quinte West, Ontario",Women,55 years and over,2022,27.7,x,32.9,27700
"Belleville - Quinte West, Ontario",Women,55 years and over,2023,24.4,x,25,24400
"Belleville - Quinte West, Ontario",Women,55 years and over,2024,27.5,x,26.5,27500
"Belleville - Quinte West, Ontario",Women,55 years and over,2025,24.9,x,19.7,24900
"Peterborough, Ontario",Men,15 to 24 years,2021,10.3,x,57.3,10300
"Peterborough, Ontario",Men,15 to 24 years,2022,7.7,x,61,7700
"Peterborough, Ontario",Men,15 to 24 years,2023,8.2,x,58.5,8200
"Peterborough, Ontario",Men,15 to 24 years,2024,7.4,x,55.4,7400
"Peterborough, Ontario",Men,15 to 24 years,2025,10.5,x,68.6,10500
"Peterborough, Ontario",Men,25 to 54 years,2021,23.4,x,82.9,23400
"Peterborough, Ontario",Men,25 to 54 years,2022,25,x,90.4,25000
"Peterborough, Ontario",Men,25 to 54 years,2023,25.9,x,89.6,25900
"Peterborough, Ontario",Men,25 to 54 years,2024,24.8,x,86.7,24800
"Peterborough, Ontario",Men,25 to 54 years,2025,25.7,7.1,81.3,25700
"Peterborough, Ontario",Men,55 years and over,2021,22.1,x,36.7,22100
"Peterborough, Ontario",Men,55 years and over,2022,22.4,x,31.3,22400
"Peterborough, Ontario",Men,55 years and over,2023,25.1,x,32.3,25100
"Peterborough, Ontario",Men,55 years and over,2024,25.7,x,29.2,25700
"Peterborough, Ontario",Men,55 years and over,2025,24.3,x,32.1,24300
"Peterborough, Ontario",Women,15 to 24 years,2021,6,x,63.3,6000
"Peterborough, Ontario",Women,15 to 24 years,2022,9.3,x,69.9,9300
"Peterborough, Ontario",Women,15 to 24 years,2023,8.2,x,62.2,8200
"Peterborough, Ontario",Women,15 to 24 years,2024,8.9,x,48.3,8900
"Peterborough, Ontario",Women,15 to 24 years,2025,13.4,x,57.5,13400
"Peterborough, Ontario",Women,25 to 54 years,2021,22,x,79.5,22000
"Peterborough, Ontario",Women,25 to 54 years,2022,23,x,77.8,23000
"Peterborough, Ontario",Women,25 to 54 years,2023,24.5,x,86.1,24500
"Peterborough, Ontario",Women,25 to 54 years,2024,25.6,x,87.5,25600
"Peterborough, Ontario",Women,25 to 54 years,2025,24.7,x,79.4,24700
"Peterborough, Ontario",Women,55 years and over,2021,27.8,x,28.4,27800
"Peterborough, Ontario",Women,55 years and over,2022,26.8,x,26.9,26800
"Peterborough, Ontario",Women,55 years and over,2023,26.6,x,21.1,26600
"Peterborough, Ontario",Women,55 years and over,2024,30.8,x,22.7,30800
"Peterborough, Ontario",Women,55 years and over,2025,27.7,x,27.4,27700
"Oshawa, Ontario",Men,15 to 24 years,2021,25.8,14.9,48.8,25800
"Oshawa, Ontario",Men,15 to 24 years,2022,29.8,8.7,59.7,29800
"Oshawa, Ontario",Men,15 to 24 years,2023,30.2,19,53.6,30200
"Oshawa, Ontario",Men,15 to 24 years,2024,37.3,20.4,47.2,37300
"Oshawa, Ontario",Men,15 to 24 years,2025,36.2,21.6,51.1,36200
"Oshawa, Ontario",Men,25 to 54 years,2021,87.3,6.1,86.7,87300
"Oshawa, Ontario",Men,25 to 54 years,2022,89.1,4.5,89.9,89100
"Oshawa, Ontario",Men,25 to 54 years,2023,86.4,3.6,89.2,86400
"Oshawa, Ontario",Men,25 to 54 years,2024,96.1,5.5,87.8,96100
"Oshawa, Ontario",Men,25 to 54 years,2025,102.1,7.2,85.6,102100
"Oshawa, Ontario",Men,55 years and over,2021,56.6,6.9,42.6,56600
"Oshawa, Ontario",Men,55 years and over,2022,61.5,x,40.3,61500
"Oshawa, Ontario",Men,55 years and over,2023,65.5,x,41.1,65500
"Oshawa, Ontario",Men,55 years and over,2024,60.2,x,39.2,60200
"Oshawa, Ontario",Men,55 years and over,2025,61.9,x,39.7,61900
"Oshawa, Ontario",Women,15 to 24 years,2021,26.6,17.4,51.9,26600
"Oshawa, Ontario",Women,15 to 24 years,2022,21.2,x,58,21200
"Oshawa, Ontario",Women,15 to 24 years,2023,30.1,11.5,61.1,30100
"Oshawa, Ontario",Women,15 to 24 years,2024,31.6,15,51.9,31600
"Oshawa, Ontario",Women,15 to 24 years,2025,30,13.8,54,30000
"Oshawa, Ontario",Women,25 to 54 years,2021,87.5,6.5,79.4,87500
"Oshawa, Ontario",Women,25 to 54 years,2022,94.8,4,83.6,94800
"Oshawa, Ontario",Women,25 to 54 years,2023,92.9,3.7,81.3,92900
"Oshawa, Ontario",Women,25 to 54 years,2024,98,4.6,81.8,98000
"Oshawa, Ontario",Women,25 to 54 years,2025,106.5,6.8,79,106500
"Oshawa, Ontario",Women,55 years and over,2021,68.6,7.1,28.3,68600
"Oshawa, Ontario",Women,55 years and over,2022,66.6,x,29.4,66600
"Oshawa, Ontario",Women,55 years and over,2023,70.7,x,30.6,70700
"Oshawa, Ontario",Women,55 years and over,2024,66.5,x,30.2,66500
"Oshawa, Ontario",Women,55 years and over,2025,64.8,9.6,29,64800
"Toronto, Ontario",Men,15 to 24 years,2021,440.7,19.9,42.7,440700
"Toronto, Ontario",Men,15 to 24 years,2022,430.2,15.1,46.1,430200
"Toronto, Ontario",Men,15 to 24 years,2023,458.6,14.2,47.9,458600
"Toronto, Ontario",Men,15 to 24 years,2024,498.5,19.9,43.5,498500
"Toronto, Ontario",Men,15 to 24 years,2025,480.6,18.4,44.6,480600
"Toronto, Ontario",Men,25 to 54 years,2021,"1,408.20",7.3,84.6,1408200
"Toronto, Ontario",Men,25 to 54 years,2022,"1,396.90",4.8,87.7,1396900
"Toronto, Ontario",Men,25 to 54 years,2023,"1,442.60",4.9,87.7,1442600
"Toronto, Ontario",Men,25 to 54 years,2024,"1,527.60",6.8,85.6,1527600
"Toronto, Ontario",Men,25 to 54 years,2025,"1,561.00",7.7,84.6,1561000
"Toronto, Ontario",Men,55 years and over,2021,850,8.2,46.9,850000
"Toronto, Ontario",Men,55 years and over,2022,885.6,4.5,47,885600
"Toronto, Ontario",Men,55 years and over,2023,914.7,4.4,46.5,914700
"Toronto, Ontario",Men,55 years and over,2024,929.4,5.7,45.8,929400
"Toronto, Ontario",Men,55 years and over,2025,965.7,5.5,46,965700
"Toronto, Ontario",Women,15 to 24 years,2021,408,19.3,44.4,408000
"Toronto, Ontario",Women,15 to 24 years,2022,418.3,12.5,50.7,418300
"Toronto, Ontario",Women,15 to 24 years,2023,423.5,14.4,48.1,423500
"Toronto, Ontario",Women,15 to 24 years,2024,463,15.2,45.3,463000
"Toronto, Ontario",Women,15 to 24 years,2025,457.2,17.5,45.1,457200
"Toronto, Ontario",Women,25 to 54 years,2021,"1,413.40",7.7,75.7,1413400
"Toronto, Ontario",Women,25 to 54 years,2022,"1,415.50",6,78,1415500
"Toronto, Ontario",Women,25 to 54 years,2023,"1,455.00",5.8,79.1,1455000
"Toronto, Ontario",Women,25 to 54 years,2024,"1,502.30",7,77.4,1502300
"Toronto, Ontario",Women,25 to 54 years,2025,"1,538.70",7.9,77,1538700
"Toronto, Ontario",Women,55 years and over,2021,945.3,9.2,34.5,945300
"Toronto, Ontario",Women,55 years and over,2022,986.2,5.1,34.7,986200
"Toronto, Ontario",Women,55 years and over,2023,"1,004.70",4.4,34.6,1004700
"Toronto, Ontario",Women,55 years and over,2024,"1,040.90",5.1,33.4,1040900
"Toronto, Ontario",Women,55 years and over,2025,"1,104.50",6,33.2,1104500
"Hamilton, Ontario",Men,15 to 24 years,2021,48.9,15.2,54.6,48900
"Hamilton, Ontario",Men,15 to 24 years,2022,53.4,13.2,55.6,53400
"Hamilton, Ontario",Men,15 to 24 years,2023,56,13.4,55.5,56000
"Hamilton, Ontario",Men,15 to 24 years,2024,60.3,19.2,49.6,60300
"Hamilton, Ontario",Men,15 to 24 years,2025,58.1,13.6,56.6,58100
"Hamilton, Ontario",Men,25 to 54 years,2021,162.2,6.1,85.8,162200
"Hamilton, Ontario",Men,25 to 54 years,2022,164.6,3.8,88.5,164600
"Hamilton, Ontario",Men,25 to 54 years,2023,167.3,3.9,87.5,167300
"Hamilton, Ontario",Men,25 to 54 years,2024,170.5,6,85.7,170500
"Hamilton, Ontario",Men,25 to 54 years,2025,174.7,6.6,85.9,174700
"Hamilton, Ontario",Men,55 years and over,2021,120.3,5.1,38.6,120300
"Hamilton, Ontario",Men,55 years and over,2022,120.5,3.8,41.5,120500
"Hamilton, Ontario",Men,55 years and over,2023,122.2,4.6,37.6,122200
"Hamilton, Ontario",Men,55 years and over,2024,126.7,4.6,41,126700
"Hamilton, Ontario",Men,55 years and over,2025,125.2,5.6,37.4,125200
"Hamilton, Ontario",Women,15 to 24 years,2021,53.6,14.4,56.7,53600
"Hamilton, Ontario",Women,15 to 24 years,2022,50.9,8.3,58.9,50900
"Hamilton, Ontario",Women,15 to 24 years,2023,45.5,11.1,56.5,45500
"Hamilton, Ontario",Women,15 to 24 years,2024,45.8,13.2,54.4,45800
"Hamilton, Ontario",Women,15 to 24 years,2025,49.7,14.3,54.3,49700
"Hamilton, Ontario",Women,25 to 54 years,2021,159.1,4.8,81.5,159100
"Hamilton, Ontario",Women,25 to 54 years,2022,160.9,3.7,80.9,160900
"Hamilton, Ontario",Women,25 to 54 years,2023,164.7,4.8,81.4,164700
"Hamilton, Ontario",Women,25 to 54 years,2024,167.5,4.8,82.3,167500
"Hamilton, Ontario",Women,25 to 54 years,2025,174.6,6,81.4,174600
"Hamilton, Ontario",Women,55 years and over,2021,137.4,6,33.2,137400
"Hamilton, Ontario",Women,55 years and over,2022,138.1,4.7,30.6,138100
"Hamilton, Ontario",Women,55 years and over,2023,143.4,x,28.9,143400
"Hamilton, Ontario",Women,55 years and over,2024,143.7,4.3,29.7,143700
"Hamilton, Ontario",Women,55 years and over,2025,142.3,x,30.4,142300
"St. Catharines-Niagara, Ontario",Men,15 to 24 years,2021,26.7,20.2,51.7,26700
"St. Catharines-Niagara, Ontario",Men,15 to 24 years,2022,25.2,x,69.4,25200
"St. Catharines-Niagara, Ontario",Men,15 to 24 years,2023,26.7,15.1,59.2,26700
"St. Catharines-Niagara, Ontario",Men,15 to 24 years,2024,31.9,14.4,55.8,31900
"St. Catharines-Niagara, Ontario",Men,15 to 24 years,2025,26.9,18.3,51.3,26900
"St. Catharines-Niagara, Ontario",Men,25 to 54 years,2021,81.5,9.9,79.3,81500
"St. Catharines-Niagara, Ontario",Men,25 to 54 years,2022,84.2,4.7,86.3,84200
"St. Catharines-Niagara, Ontario",Men,25 to 54 years,2023,88.9,3.9,85,88900
"St. Catharines-Niagara, Ontario",Men,25 to 54 years,2024,89,7.8,84.6,89000
"St. Catharines-Niagara, Ontario",Men,25 to 54 years,2025,96.4,7,86.2,96400
"St. Catharines-Niagara, Ontario",Men,55 years and over,2021,77.7,10.2,33.8,77700
"St. Catharines-Niagara, Ontario",Men,55 years and over,2022,81.7,x,36.6,81700
"St. Catharines-Niagara, Ontario",Men,55 years and over,2023,82.6,x,38,82600
"St. Catharines-Niagara, Ontario",Men,55 years and over,2024,86.4,6,34.6,86400
"St. Catharines-Niagara, Ontario",Men,55 years and over,2025,88.1,5.4,32,88100
"St. Catharines-Niagara, Ontario",Women,15 to 24 years,2021,20.6,13.6,52.9,20600
"St. Catharines-Niagara, Ontario",Women,15 to 24 years,2022,24.4,11.2,61.5,24400
"St. Catharines-Niagara, Ontario",Women,15 to 24 years,2023,23.5,x,63.8,23500
"St. Catharines-Niagara, Ontario",Women,15 to 24 years,2024,25.6,12.3,55.5,25600
"St. Catharines-Niagara, Ontario",Women,15 to 24 years,2025,24.5,10.1,54.3,24500
"St. Catharines-Niagara, Ontario",Women,25 to 54 years,2021,83.5,8.8,73.2,83500
"St. Catharines-Niagara, Ontario",Women,25 to 54 years,2022,82.5,4.7,80.5,82500
"St. Catharines-Niagara, Ontario",Women,25 to 54 years,2023,85,6,79.9,85000
"St. Catharines-Niagara, Ontario",Women,25 to 54 years,2024,88.4,5.2,77.7,88400
"St. Catharines-Niagara, Ontario",Women,25 to 54 years,2025,94.1,5.7,77.6,94100
"St. Catharines-Niagara, Ontario",Women,55 years and over,2021,92.3,8.3,28.6,92300
"St. Catharines-Niagara, Ontario",Women,55 years and over,2022,91.7,x,29.4,91700
"St. Catharines-Niagara, Ontario",Women,55 years and over,2023,94.6,5.5,29.1,94600
"St. Catharines-Niagara, Ontario",Women,55 years and over,2024,94.8,6.1,29.1,94800
"St. Catharines-Niagara, Ontario",Women,55 years and over,2025,94.7,x,29.5,94700
"Kitchener-Cambridge-Waterloo, Ontario",Men,15 to 24 years,2021,42.1,13.7,57,42100
"Kitchener-Cambridge-Waterloo, Ontario",Men,15 to 24 years,2022,43.3,14.2,55.9,43300
"Kitchener-Cambridge-Waterloo, Ontario",Men,15 to 24 years,2023,42.5,15.1,55.8,42500
"Kitchener-Cambridge-Waterloo, Ontario",Men,15 to 24 years,2024,48.2,16.7,53.9,48200
"Kitchener-Cambridge-Waterloo, Ontario",Men,15 to 24 years,2025,53.4,16.9,55.1,53400
"Kitchener-Cambridge-Waterloo, Ontario",Men,25 to 54 years,2021,125.5,4.1,89.2,125500
"Kitchener-Cambridge-Waterloo, Ontario",Men,25 to 54 years,2022,140.4,3.8,89.4,140400
"Kitchener-Cambridge-Waterloo, Ontario",Men,25 to 54 years,2023,147.6,4.9,87.5,147600
"Kitchener-Cambridge-Waterloo, Ontario",Men,25 to 54 years,2024,166.3,5.2,88.9,166300
"Kitchener-Cambridge-Waterloo, Ontario",Men,25 to 54 years,2025,173.5,5.2,87.6,173500
"Kitchener-Cambridge-Waterloo, Ontario",Men,55 years and over,2021,79,4.1,47.5,79000
"Kitchener-Cambridge-Waterloo, Ontario",Men,55 years and over,2022,76.2,5.2,45.5,76200
"Kitchener-Cambridge-Waterloo, Ontario",Men,55 years and over,2023,83.1,x,49.7,83100
"Kitchener-Cambridge-Waterloo, Ontario",Men,55 years and over,2024,78.8,4,45.8,78800
"Kitchener-Cambridge-Waterloo, Ontario",Men,55 years and over,2025,80.9,4.3,44.5,80900
"Kitchener-Cambridge-Waterloo, Ontario",Women,15 to 24 years,2021,35.8,14.3,58.1,35800
"Kitchener-Cambridge-Waterloo, Ontario",Women,15 to 24 years,2022,37.4,11.5,55.3,37400
"Kitchener-Cambridge-Waterloo, Ontario",Women,15 to 24 years,2023,38.2,12.7,57.3,38200
"Kitchener-Cambridge-Waterloo, Ontario",Women,15 to 24 years,2024,43.2,18.4,49.5,43200
"Kitchener-Cambridge-Waterloo, Ontario",Women,15 to 24 years,2025,49,19.6,48.6,49000
"Kitchener-Cambridge-Waterloo, Ontario",Women,25 to 54 years,2021,127.7,6.7,77.2,127700
"Kitchener-Cambridge-Waterloo, Ontario",Women,25 to 54 years,2022,134.5,4.8,80.4,134500
"Kitchener-Cambridge-Waterloo, Ontario",Women,25 to 54 years,2023,141.1,5,78.9,141100
"Kitchener-Cambridge-Waterloo, Ontario",Women,25 to 54 years,2024,154.4,6.7,77.3,154400
"Kitchener-Cambridge-Waterloo, Ontario",Women,25 to 54 years,2025,154.7,7,78.2,154700
"Kitchener-Cambridge-Waterloo, Ontario",Women,55 years and over,2021,88.9,x,33.3,88900
"Kitchener-Cambridge-Waterloo, Ontario",Women,55 years and over,2022,84.6,x,30.1,84600
"Kitchener-Cambridge-Waterloo, Ontario",Women,55 years and over,2023,93.3,5.9,32.7,93300
"Kitchener-Cambridge-Waterloo, Ontario",Women,55 years and over,2024,90.5,x,34,90500
"Kitchener-Cambridge-Waterloo, Ontario",Women,55 years and over,2025,88.4,5.6,30.4,88400
"Brantford, Ontario",Men,15 to 24 years,2021,11.2,x,58.9,11200
"Brantford, Ontario",Men,15 to 24 years,2022,10,x,60,10000
"Brantford, Ontario",Men,15 to 24 years,2023,10.2,x,55.9,10200
"Brantford, Ontario",Men,15 to 24 years,2024,9,x,44.4,9000
"Brantford, Ontario",Men,15 to 24 years,2025,11.7,20.8,52.1,11700
"Brantford, Ontario",Men,25 to 54 years,2021,29.6,x,86.1,29600
"Brantford, Ontario",Men,25 to 54 years,2022,32.1,x,90.3,32100
"Brantford, Ontario",Men,25 to 54 years,2023,32.8,x,88.4,32800
"Brantford, Ontario",Men,25 to 54 years,2024,34.7,x,86.5,34700
"Brantford, Ontario",Men,25 to 54 years,2025,36.2,6.3,82.6,36200
"Brantford, Ontario",Men,55 years and over,2021,21.2,x,41.5,21200
"Brantford, Ontario",Men,55 years and over,2022,20.8,x,40.4,20800
"Brantford, Ontario",Men,55 years and over,2023,22.1,x,41.6,22100
"Brantford, Ontario",Men,55 years and over,2024,23.5,x,37.4,23500
"Brantford, Ontario",Men,55 years and over,2025,23.3,x,37.8,23300
"Brantford, Ontario",Women,15 to 24 years,2021,8.1,x,55.6,8100
"Brantford, Ontario",Women,15 to 24 years,2022,9.1,x,69.2,9100
"Brantford, Ontario",Women,15 to 24 years,2023,9.7,x,68,9700
"Brantford, Ontario",Women,15 to 24 years,2024,9,x,61.1,9000
"Brantford, Ontario",Women,15 to 24 years,2025,9.3,23.1,53.8,9300
"Brantford, Ontario",Women,25 to 54 years,2021,30.4,5.9,79.3,30400
"Brantford, Ontario",Women,25 to 54 years,2022,31.6,x,78.2,31600
"Brantford, Ontario",Women,25 to 54 years,2023,30.6,x,84.6,30600
"Brantford, Ontario",Women,25 to 54 years,2024,34.9,x,83.7,34900
"Brantford, Ontario",Women,25 to 54 years,2025,35.7,6.2,80.7,35700
"Brantford, Ontario",Women,55 years and over,2021,23.1,x,31.2,23100
"Brantford, Ontario",Women,55 years and over,2022,23.7,x,30.8,23700
"Brantford, Ontario",Women,55 years and over,2023,26.5,x,29.8,26500
"Brantford, Ontario",Women,55 years and over,2024,25.8,x,29.8,25800
"Brantford, Ontario",Women,55 years and over,2025,24.9,x,34.5,24900
"Guelph, Ontario",Men,15 to 24 years,2021,11.7,x,48.7,11700
"Guelph, Ontario",Men,15 to 24 years,2022,12.4,x,66.9,12400
"Guelph, Ontario",Men,15 to 24 years,2023,13.6,x,58.1,13600
"Guelph, Ontario",Men,15 to 24 years,2024,14.9,x,57.7,14900
"Guelph, Ontario",Men,15 to 24 years,2025,13.6,x,46.3,13600
"Guelph, Ontario",Men,25 to 54 years,2021,36.8,6.5,89.9,36800
"Guelph, Ontario",Men,25 to 54 years,2022,37,x,87,37000
"Guelph, Ontario",Men,25 to 54 years,2023,41.4,x,92.5,41400
"Guelph, Ontario",Men,25 to 54 years,2024,42.6,4.9,86.9,42600
"Guelph, Ontario",Men,25 to 54 years,2025,40.7,6.7,85,40700
"Guelph, Ontario",Men,55 years and over,2021,23,x,45.7,23000
"Guelph, Ontario",Men,55 years and over,2022,24.2,x,49.6,24200
"Guelph, Ontario",Men,55 years and over,2023,23.2,x,43.5,23200
"Guelph, Ontario",Men,55 years and over,2024,21.9,x,45.2,21900
"Guelph, Ontario",Men,55 years and over,2025,22.6,x,37.6,22600
"Guelph, Ontario",Women,15 to 24 years,2021,11.9,x,63.9,11900
"Guelph, Ontario",Women,15 to 24 years,2022,10.7,x,65.4,10700
"Guelph, Ontario",Women,15 to 24 years,2023,10.8,23.1,55.6,10800
"Guelph, Ontario",Women,15 to 24 years,2024,12.2,x,61.5,12200
"Guelph, Ontario",Women,15 to 24 years,2025,14.1,x,48.2,14100
"Guelph, Ontario",Women,25 to 54 years,2021,35.3,5.2,82.7,35300
"Guelph, Ontario",Women,25 to 54 years,2022,37.3,x,84.7,37300
"Guelph, Ontario",Women,25 to 54 years,2023,36.7,x,85.6,36700
"Guelph, Ontario",Women,25 to 54 years,2024,38.7,x,85,38700
"Guelph, Ontario",Women,25 to 54 years,2025,40.1,5.8,81.3,40100
"Guelph, Ontario",Women,55 years and over,2021,25.5,x,34.9,25500
"Guelph, Ontario",Women,55 years and over,2022,25.3,x,33.2,25300
"Guelph, Ontario",Women,55 years and over,2023,24.8,x,40.3,24800
"Guelph, Ontario",Women,55 years and over,2024,24.8,x,29,24800
"Guelph, Ontario",Women,55 years and over,2025,27,x,32.2,27000
"London, Ontario",Men,15 to 24 years,2021,38,13.7,59.7,38000
"London, Ontario",Men,15 to 24 years,2022,37.2,11.7,54.8,37200
"London, Ontario",Men,15 to 24 years,2023,40,14.6,54.3,40000
"London, Ontario",Men,15 to 24 years,2024,38.7,19.7,47.5,38700
"London, Ontario",Men,15 to 24 years,2025,45.9,16.1,52.3,45900
"London, Ontario",Men,25 to 54 years,2021,116.3,7.4,84.8,116300
"London, Ontario",Men,25 to 54 years,2022,125.2,4.5,86.3,125200
"London, Ontario",Men,25 to 54 years,2023,127.8,4.1,87.6,127800
"London, Ontario",Men,25 to 54 years,2024,139.8,6.1,84,139800
"London, Ontario",Men,25 to 54 years,2025,141.2,5.8,85.1,141200
"London, Ontario",Men,55 years and over,2021,76.6,5.1,38.5,76600
"London, Ontario",Men,55 years and over,2022,77.5,5.6,41.7,77500
"London, Ontario",Men,55 years and over,2023,82.5,4.4,42.1,82500
"London, Ontario",Men,55 years and over,2024,83.8,x,40.1,83800
"London, Ontario",Men,55 years and over,2025,82.3,x,37.8,82300
"London, Ontario",Women,15 to 24 years,2021,34.9,12.6,55.9,34900
"London, Ontario",Women,15 to 24 years,2022,38.2,11.4,54.7,38200
"London, Ontario",Women,15 to 24 years,2023,35.5,12.2,54.4,35500
"London, Ontario",Women,15 to 24 years,2024,41.3,10.5,57.9,41300
"London, Ontario",Women,15 to 24 years,2025,41.9,11.9,52.7,41900
"London, Ontario",Women,25 to 54 years,2021,116.1,7.4,75.9,116100
"London, Ontario",Women,25 to 54 years,2022,118,4.6,79.2,118000
"London, Ontario",Women,25 to 54 years,2023,122,4,80.9,122000
"London, Ontario",Women,25 to 54 years,2024,128.4,5.5,79.5,128400
"London, Ontario",Women,25 to 54 years,2025,130,5.7,78.5,130000
"London, Ontario",Women,55 years and over,2021,89.9,5.6,28,89900
"London, Ontario",Women,55 years and over,2022,88.1,x,28.8,88100
"London, Ontario",Women,55 years and over,2023,94,x,31,94000
"London, Ontario",Women,55 years and over,2024,93.4,x,27.9,93400
"London, Ontario",Women,55 years and over,2025,96.5,x,29.7,96500
"Windsor, Ontario",Men,15 to 24 years,2021,25.1,15.4,58.6,25100
"Windsor, Ontario",Men,15 to 24 years,2022,26.6,15.9,59.8,26600
"Windsor, Ontario",Men,15 to 24 years,2023,28.3,14.5,51.9,28300
"Windsor, Ontario",Men,15 to 24 years,2024,37.3,22.1,52.3,37300
"Windsor, Ontario",Men,15 to 24 years,2025,35.1,18.6,56.1,35100
"Windsor, Ontario",Men,25 to 54 years,2021,85.4,7.4,81.5,85400
"Windsor, Ontario",Men,25 to 54 years,2022,85.1,6.2,84.8,85100
"Windsor, Ontario",Men,25 to 54 years,2023,93.2,5.5,86.4,93200
"Windsor, Ontario",Men,25 to 54 years,2024,97,6.7,85.1,97000
"Windsor, Ontario",Men,25 to 54 years,2025,105.9,8.6,82.9,105900
"Windsor, Ontario",Men,55 years and over,2021,70.4,12.1,32,70400
"Windsor, Ontario",Men,55 years and over,2022,71.7,6.6,33.3,71700
"Windsor, Ontario",Men,55 years and over,2023,66.9,x,40.7,66900
"Windsor, Ontario",Men,55 years and over,2024,69.1,5.9,37.2,69100
"Windsor, Ontario",Men,55 years and over,2025,70,9.1,35.7,70000
"Windsor, Ontario",Women,15 to 24 years,2021,28.3,14.2,59.7,28300
"Windsor, Ontario",Women,15 to 24 years,2022,23.6,10.7,60.2,23600
"Windsor, Ontario",Women,15 to 24 years,2023,29.5,11.6,56.9,29500
"Windsor, Ontario",Women,15 to 24 years,2024,34,14,56.2,34000
"Windsor, Ontario",Women,15 to 24 years,2025,30.5,14.8,60.3,30500
"Windsor, Ontario",Women,25 to 54 years,2021,82,7.6,73.7,82000
"Windsor, Ontario",Women,25 to 54 years,2022,81.1,5.8,77.4,81100
"Windsor, Ontario",Women,25 to 54 years,2023,90.7,5.6,78.7,90700
"Windsor, Ontario",Women,25 to 54 years,2024,89.7,6.1,77,89700
"Windsor, Ontario",Women,25 to 54 years,2025,93.3,7.7,73.2,93300
"Windsor, Ontario",Women,55 years and over,2021,75.8,x,23.7,75800
"Windsor, Ontario",Women,55 years and over,2022,87.2,x,24.2,87200
"Windsor, Ontario",Women,55 years and over,2023,78,x,27.7,78000
"Windsor, Ontario",Women,55 years and over,2024,75.7,x,28.1,75700
"Windsor, Ontario",Women,55 years and over,2025,74,7.4,25.5,74000
"Barrie, Ontario",Men,15 to 24 years,2021,18.2,14.2,53.3,18200
"Barrie, Ontario",Men,15 to 24 years,2022,17.4,x,69,17400
"Barrie, Ontario",Men,15 to 24 years,2023,16.3,13.9,64.4,16300
"Barrie, Ontario",Men,15 to 24 years,2024,16.9,14.3,53.8,16900
"Barrie, Ontario",Men,15 to 24 years,2025,16.8,14.8,58.3,16800
"Barrie, Ontario",Men,25 to 54 years,2021,48.8,7.6,84.4,48800
"Barrie, Ontario",Men,25 to 54 years,2022,46.2,5.4,86.8,46200
"Barrie, Ontario",Men,25 to 54 years,2023,56.3,3,92.5,56300
"Barrie, Ontario",Men,25 to 54 years,2024,54,5.2,87.6,54000
"Barrie, Ontario",Men,25 to 54 years,2025,51.2,7.4,83.4,51200
"Barrie, Ontario",Men,55 years and over,2021,27.1,x,46.1,27100
"Barrie, Ontario",Men,55 years and over,2022,31.2,x,50.3,31200
"Barrie, Ontario",Men,55 years and over,2023,25.4,x,39,25400
"Barrie, Ontario",Men,55 years and over,2024,28.8,x,41,28800
"Barrie, Ontario",Men,55 years and over,2025,32.1,x,43.6,32100
"Barrie, Ontario",Women,15 to 24 years,2021,13.9,x,49.6,13900
"Barrie, Ontario",Women,15 to 24 years,2022,13.9,15.5,62.6,13900
"Barrie, Ontario",Women,15 to 24 years,2023,15.8,x,65.8,15800
"Barrie, Ontario",Women,15 to 24 years,2024,15.9,x,57.2,15900
"Barrie, Ontario",Women,15 to 24 years,2025,14.3,x,53.1,14300
"Barrie, Ontario",Women,25 to 54 years,2021,47,5.9,77.9,47000
"Barrie, Ontario",Women,25 to 54 years,2022,46.2,4.2,84,46200
"Barrie, Ontario",Women,25 to 54 years,2023,49.7,x,84.1,49700
"Barrie, Ontario",Women,25 to 54 years,2024,54.1,4.5,81.9,54100
"Barrie, Ontario",Women,25 to 54 years,2025,56.8,7,79.9,56800
"Barrie, Ontario",Women,55 years and over,2021,29.1,x,34.7,29100
"Barrie, Ontario",Women,55 years and over,2022,34.9,x,37,34900
"Barrie, Ontario",Women,55 years and over,2023,33.3,x,34.2,33300
"Barrie, Ontario",Women,55 years and over,2024,35.5,x,29.9,35500
"Barrie, Ontario",Women,55 years and over,2025,38.5,x,27.8,38500
"Greater Sudbury, Ontario",Men,15 to 24 years,2021,9.2,x,65.2,9200
"Greater Sudbury, Ontario",Men,15 to 24 years,2022,10.4,x,70.2,10400
"Greater Sudbury, Ontario",Men,15 to 24 years,2023,11.8,x,67.8,11800
"Greater Sudbury, Ontario",Men,15 to 24 years,2024,8.8,x,56.8,8800
"Greater Sudbury, Ontario",Men,15 to 24 years,2025,11.7,x,63.2,11700
"Greater Sudbury, Ontario",Men,25 to 54 years,2021,35.3,6,84.4,35300
"Greater Sudbury, Ontario",Men,25 to 54 years,2022,33.7,x,89.6,33700
"Greater Sudbury, Ontario",Men,25 to 54 years,2023,33.5,4.9,87.5,33500
"Greater Sudbury, Ontario",Men,25 to 54 years,2024,36.1,4.6,85.9,36100
"Greater Sudbury, Ontario",Men,25 to 54 years,2025,38.6,5.7,86.3,38600
"Greater Sudbury, Ontario",Men,55 years and over,2021,29.5,x,32.9,29500
"Greater Sudbury, Ontario",Men,55 years and over,2022,31.8,x,27.7,31800
"Greater Sudbury, Ontario",Men,55 years and over,2023,31.3,x,32.9,31300
"Greater Sudbury, Ontario",Men,55 years and over,2024,32.6,x,29.4,32600
"Greater Sudbury, Ontario",Men,55 years and over,2025,31,x,31,31000
"Greater Sudbury, Ontario",Women,15 to 24 years,2021,8.7,x,59.8,8700
"Greater Sudbury, Ontario",Women,15 to 24 years,2022,8.6,x,77.9,8600
"Greater Sudbury, Ontario",Women,15 to 24 years,2023,9.4,x,68.1,9400
"Greater Sudbury, Ontario",Women,15 to 24 years,2024,10.1,x,63.4,10100
"Greater Sudbury, Ontario",Women,15 to 24 years,2025,10.2,x,65.7,10200
"Greater Sudbury, Ontario",Women,25 to 54 years,2021,31.3,x,81.2,31300
"Greater Sudbury, Ontario",Women,25 to 54 years,2022,31.5,x,84.8,31500
"Greater Sudbury, Ontario",Women,25 to 54 years,2023,32.5,x,86.5,32500
"Greater Sudbury, Ontario",Women,25 to 54 years,2024,34.7,x,86.2,34700
"Greater Sudbury, Ontario",Women,25 to 54 years,2025,36.4,x,81.9,36400
"Greater Sudbury, Ontario",Women,55 years and over,2021,34.5,x,22.3,34500
"Greater Sudbury, Ontario",Women,55 years and over,2022,34.8,x,24.7,34800
"Greater Sudbury, Ontario",Women,55 years and over,2023,36.2,x,25.7,36200
"Greater Sudbury, Ontario",Women,55 years and over,2024,37,x,22.2,37000
"Greater Sudbury, Ontario",Women,55 years and over,2025,34.3,x,25.4,34300
"Thunder Bay, Ontario",Men,15 to 24 years,2021,7.5,x,53.3,7500
"Thunder Bay, Ontario",Men,15 to 24 years,2022,6.8,x,61.8,6800
"Thunder Bay, Ontario",Men,15 to 24 years,2023,7.1,x,69,7100
"Thunder Bay, Ontario",Men,15 to 24 years,2024,8.2,x,58.5,8200
"Thunder Bay, Ontario",Men,15 to 24 years,2025,8.4,x,58.3,8400
"Thunder Bay, Ontario",Men,25 to 54 years,2021,25.1,x,84.1,25100
"Thunder Bay, Ontario",Men,25 to 54 years,2022,25.5,x,87.8,25500
"Thunder Bay, Ontario",Men,25 to 54 years,2023,25.6,x,86.3,25600
"Thunder Bay, Ontario",Men,25 to 54 years,2024,23.8,x,89.1,23800
"Thunder Bay, Ontario",Men,25 to 54 years,2025,26.7,x,87.6,26700
"Thunder Bay, Ontario",Men,55 years and over,2021,21.2,x,32.5,21200
"Thunder Bay, Ontario",Men,55 years and over,2022,22.2,x,31.1,22200
"Thunder Bay, Ontario",Men,55 years and over,2023,22,x,31.8,22000
"Thunder Bay, Ontario",Men,55 years and over,2024,23.4,x,30.8,23400
"Thunder Bay, Ontario",Men,55 years and over,2025,20.5,x,33.2,20500
"Thunder Bay, Ontario",Women,15 to 24 years,2021,7.3,x,65.8,7300
"Thunder Bay, Ontario",Women,15 to 24 years,2022,5.2,x,67.3,5200
"Thunder Bay, Ontario",Women,15 to 24 years,2023,7.2,x,69.4,7200
"Thunder Bay, Ontario",Women,15 to 24 years,2024,7.3,x,71.2,7300
"Thunder Bay, Ontario",Women,15 to 24 years,2025,7.2,x,65.3,7200
"Thunder Bay, Ontario",Women,25 to 54 years,2021,23.8,x,80.7,23800
"Thunder Bay, Ontario",Women,25 to 54 years,2022,24,x,82.5,24000
"Thunder Bay, Ontario",Women,25 to 54 years,2023,23.5,x,85.1,23500
"Thunder Bay, Ontario",Women,25 to 54 years,2024,23.3,x,86.3,23300
"Thunder Bay, Ontario",Women,25 to 54 years,2025,24.8,x,83.9,24800
"Thunder Bay, Ontario",Women,55 years and over,2021,23.1,x,25.5,23100
"Thunder Bay, Ontario",Women,55 years and over,2022,24.4,x,24.6,24400
"Thunder Bay, Ontario",Women,55 years and over,2023,23.7,x,27,23700
"Thunder Bay, Ontario",Women,55 years and over,2024,25.3,x,25.7,25300
"Thunder Bay, Ontario",Women,55 years and over,2025,24.1,x,26.1,24100
"Winnipeg, Manitoba",Men,15 to 24 years,2021,61.5,15.4,55.4,61500
"Winnipeg, Manitoba",Men,15 to 24 years,2022,60.8,9.3,62.7,60800
"Winnipeg, Manitoba",Men,15 to 24 years,2023,61.2,10.6,60.5,61200
"Winnipeg, Manitoba",Men,15 to 24 years,2024,68,12.6,57.9,68000
"Winnipeg, Manitoba",Men,15 to 24 years,2025,67.2,13.8,55.8,67200
"Winnipeg, Manitoba",Men,25 to 54 years,2021,180.3,5.4,87.6,180300
"Winnipeg, Manitoba",Men,25 to 54 years,2022,181.6,3.8,88.8,181600
"Winnipeg, Manitoba",Men,25 to 54 years,2023,187.8,4.5,88.7,187800
"Winnipeg, Manitoba",Men,25 to 54 years,2024,197.9,4.6,88.5,197900
"Winnipeg, Manitoba",Men,25 to 54 years,2025,211.2,4.7,87.6,211200
"Winnipeg, Manitoba",Men,55 years and over,2021,113.2,5.3,42.3,113200
"Winnipeg, Manitoba",Men,55 years and over,2022,117.7,3.9,41.3,117700
"Winnipeg, Manitoba",Men,55 years and over,2023,126.1,3,41.6,126100
"Winnipeg, Manitoba",Men,55 years and over,2024,127.7,5.1,39.2,127700
"Winnipeg, Manitoba",Men,55 years and over,2025,126,4.1,41,126000
"Winnipeg, Manitoba",Women,15 to 24 years,2021,53.5,11.7,60.4,53500
"Winnipeg, Manitoba",Women,15 to 24 years,2022,52.7,8,65.7,52700
"Winnipeg, Manitoba",Women,15 to 24 years,2023,54.5,9.3,62.9,54500
"Winnipeg, Manitoba",Women,15 to 24 years,2024,57.6,11.5,57.3,57600
"Winnipeg, Manitoba",Women,15 to 24 years,2025,60.9,12.1,58.5,60900
"Winnipeg, Manitoba",Women,25 to 54 years,2021,173.4,5.3,80.9,173400
"Winnipeg, Manitoba",Women,25 to 54 years,2022,176.1,3.6,83.4,176100
"Winnipeg, Manitoba",Women,25 to 54 years,2023,176.5,3.7,83.5,176500
"Winnipeg, Manitoba",Women,25 to 54 years,2024,187.7,3.9,83.7,187700
"Winnipeg, Manitoba",Women,25 to 54 years,2025,195.9,5.4,80.9,195900
"Winnipeg, Manitoba",Women,55 years and over,2021,125.2,6.4,29.1,125200
"Winnipeg, Manitoba",Women,55 years and over,2022,131.7,4.5,30.4,131700
"Winnipeg, Manitoba",Women,55 years and over,2023,138.3,4.2,31.5,138300
"Winnipeg, Manitoba",Women,55 years and over,2024,139.2,3.7,29.8,139200
"Winnipeg, Manitoba",Women,55 years and over,2025,138.8,4.1,30.6,138800
"Regina, Saskatchewan",Men,15 to 24 years,2021,15.4,18.3,55.2,15400
"Regina, Saskatchewan",Men,15 to 24 years,2022,17.2,8.9,59.3,17200
"Regina, Saskatchewan",Men,15 to 24 years,2023,17.1,9.2,57.9,17100
"Regina, Saskatchewan",Men,15 to 24 years,2024,22,15.6,54.1,22000
"Regina, Saskatchewan",Men,15 to 24 years,2025,20.9,17.8,50.7,20900
"Regina, Saskatchewan",Men,25 to 54 years,2021,52.8,5.7,88.1,52800
"Regina, Saskatchewan",Men,25 to 54 years,2022,54.7,5.3,87.4,54700
"Regina, Saskatchewan",Men,25 to 54 years,2023,56.5,5.2,87.8,56500
"Regina, Saskatchewan",Men,25 to 54 years,2024,57.7,5.4,88.2,57700
"Regina, Saskatchewan",Men,25 to 54 years,2025,60.2,4.5,87.7,60200
"Regina, Saskatchewan",Men,55 years and over,2021,34.9,7.4,43,34900
"Regina, Saskatchewan",Men,55 years and over,2022,35.6,4,40.7,35600
"Regina, Saskatchewan",Men,55 years and over,2023,36.2,x,42.8,36200
"Regina, Saskatchewan",Men,55 years and over,2024,35.6,3.1,43.3,35600
"Regina, Saskatchewan",Men,55 years and over,2025,35.2,3.8,42.6,35200
"Regina, Saskatchewan",Women,15 to 24 years,2021,14.7,12.4,57.1,14700
"Regina, Saskatchewan",Women,15 to 24 years,2022,12.8,8.6,57.8,12800
"Regina, Saskatchewan",Women,15 to 24 years,2023,16,11.7,56.9,16000
"Regina, Saskatchewan",Women,15 to 24 years,2024,16.3,11.7,55.8,16300
"Regina, Saskatchewan",Women,15 to 24 years,2025,18.1,14,58,18100
"Regina, Saskatchewan",Women,25 to 54 years,2021,51.6,4.7,82.6,51600
"Regina, Saskatchewan",Women,25 to 54 years,2022,50.9,3.6,83.3,50900
"Regina, Saskatchewan",Women,25 to 54 years,2023,53.6,4.1,83.2,53600
"Regina, Saskatchewan",Women,25 to 54 years,2024,54.5,5.6,80.7,54500
"Regina, Saskatchewan",Women,25 to 54 years,2025,59.9,4.5,82,59900
"Regina, Saskatchewan",Women,55 years and over,2021,36.9,4,32.2,36900
"Regina, Saskatchewan",Women,55 years and over,2022,37.9,3.8,33.8,37900
"Regina, Saskatchewan",Women,55 years and over,2023,37.3,x,33.2,37300
"Regina, Saskatchewan",Women,55 years and over,2024,39.9,x,32.8,39900
"Regina, Saskatchewan",Women,55 years and over,2025,38.5,x,33.5,38500
"Saskatoon, Saskatchewan",Men,15 to 24 years,2021,22.3,14.2,54.3,22300
"Saskatoon, Saskatchewan",Men,15 to 24 years,2022,24.1,9.9,56.8,24100
"Saskatoon, Saskatchewan",Men,15 to 24 years,2023,24.4,10.4,56.6,24400
"Saskatoon, Saskatchewan",Men,15 to 24 years,2024,25.3,12.1,56.9,25300
"Saskatoon, Saskatchewan",Men,15 to 24 years,2025,24.6,10.4,56.1,24600
"Saskatoon, Saskatchewan",Men,25 to 54 years,2021,70,6,87.1,70000
"Saskatoon, Saskatchewan",Men,25 to 54 years,2022,71.4,4.1,90.8,71400
"Saskatoon, Saskatchewan",Men,25 to 54 years,2023,75.3,4.1,90,75300
"Saskatoon, Saskatchewan",Men,25 to 54 years,2024,81,3.5,90.7,81000
"Saskatoon, Saskatchewan",Men,25 to 54 years,2025,84.1,4.8,88.9,84100
"Saskatoon, Saskatchewan",Men,55 years and over,2021,38.2,9.7,41.4,38200
"Saskatoon, Saskatchewan",Men,55 years and over,2022,38,4.8,46.3,38000
"Saskatoon, Saskatchewan",Men,55 years and over,2023,39.3,3.6,47.3,39300
"Saskatoon, Saskatchewan",Men,55 years and over,2024,39.1,4.3,45.5,39100
"Saskatoon, Saskatchewan",Men,55 years and over,2025,44.8,4.4,44,44800
"Saskatoon, Saskatchewan",Women,15 to 24 years,2021,23.6,8.6,58.9,23600
"Saskatoon, Saskatchewan",Women,15 to 24 years,2022,24.3,4.3,63.8,24300
"Saskatoon, Saskatchewan",Women,15 to 24 years,2023,24.3,10.1,59.3,24300
"Saskatoon, Saskatchewan",Women,15 to 24 years,2024,26.5,8.5,56.6,26500
"Saskatoon, Saskatchewan",Women,15 to 24 years,2025,25.4,8.7,57.9,25400
"Saskatoon, Saskatchewan",Women,25 to 54 years,2021,68.2,5.6,78.6,68200
"Saskatoon, Saskatchewan",Women,25 to 54 years,2022,70.3,2.8,82.5,70300
"Saskatoon, Saskatchewan",Women,25 to 54 years,2023,74.4,4.4,81,74400
"Saskatoon, Saskatchewan",Women,25 to 54 years,2024,80.8,5,81.9,80800
"Saskatoon, Saskatchewan",Women,25 to 54 years,2025,80,4.7,82.9,80000
"Saskatoon, Saskatchewan",Women,55 years and over,2021,40.8,7,29.2,40800
"Saskatoon, Saskatchewan",Women,55 years and over,2022,41.4,x,36.5,41400
"Saskatoon, Saskatchewan",Women,55 years and over,2023,43.8,3.7,35.6,43800
"Saskatoon, Saskatchewan",Women,55 years and over,2024,42.4,x,32.3,42400
"Saskatoon, Saskatchewan",Women,55 years and over,2025,47.8,x,32,47800
"Lethbridge, Alberta",Men,15 to 24 years,2021,7.2,x,56.9,7200
"Lethbridge, Alberta",Men,15 to 24 years,2022,8.7,x,63.2,8700
"Lethbridge, Alberta",Men,15 to 24 years,2023,8.8,x,55.7,8800
"Lethbridge, Alberta",Men,15 to 24 years,2024,9.9,x,65.7,9900
"Lethbridge, Alberta",Men,15 to 24 years,2025,11.1,x,57.7,11100
"Lethbridge, Alberta",Men,25 to 54 years,2021,25.9,x,85.7,25900
"Lethbridge, Alberta",Men,25 to 54 years,2022,25.8,x,87.2,25800
"Lethbridge, Alberta",Men,25 to 54 years,2023,28.7,x,89.2,28700
"Lethbridge, Alberta",Men,25 to 54 years,2024,30.1,5.3,88.4,30100
"Lethbridge, Alberta",Men,25 to 54 years,2025,28,x,90.4,28000
"Lethbridge, Alberta",Men,55 years and over,2021,18.5,x,40.5,18500
"Lethbridge, Alberta",Men,55 years and over,2022,17.2,x,40.1,17200
"Lethbridge, Alberta",Men,55 years and over,2023,17.4,x,37.9,17400
"Lethbridge, Alberta",Men,55 years and over,2024,16.2,x,38.9,16200
"Lethbridge, Alberta",Men,55 years and over,2025,19.5,x,37.9,19500
"Lethbridge, Alberta",Women,15 to 24 years,2021,7.3,x,63,7300
"Lethbridge, Alberta",Women,15 to 24 years,2022,8.3,x,68.7,8300
"Lethbridge, Alberta",Women,15 to 24 years,2023,8.8,x,60.2,8800
"Lethbridge, Alberta",Women,15 to 24 years,2024,11.8,x,59.3,11800
"Lethbridge, Alberta",Women,15 to 24 years,2025,10,x,61,10000
"Lethbridge, Alberta",Women,25 to 54 years,2021,23.8,x,78.2,23800
"Lethbridge, Alberta",Women,25 to 54 years,2022,26.8,x,79.5,26800
"Lethbridge, Alberta",Women,25 to 54 years,2023,26.7,x,76.8,26700
"Lethbridge, Alberta",Women,25 to 54 years,2024,27.8,x,77,27800
"Lethbridge, Alberta",Women,25 to 54 years,2025,27.4,x,75.9,27400
"Lethbridge, Alberta",Women,55 years and over,2021,20.4,x,29.4,20400
"Lethbridge, Alberta",Women,55 years and over,2022,18.3,x,28.4,18300
"Lethbridge, Alberta",Women,55 years and over,2023,18.2,x,28.6,18200
"Lethbridge, Alberta",Women,55 years and over,2024,17.6,x,30.7,17600
"Lethbridge, Alberta",Women,55 years and over,2025,21,x,32.4,21000
"Calgary, Alberta",Men,15 to 24 years,2021,92.1,18.3,48.1,92100
"Calgary, Alberta",Men,15 to 24 years,2022,90.9,15.4,49.7,90900
"Calgary, Alberta",Men,15 to 24 years,2023,97.9,16,48.2,97900
"Calgary, Alberta",Men,15 to 24 years,2024,111.2,18.5,49.3,111200
"Calgary, Alberta",Men,15 to 24 years,2025,115,20.8,50.6,115000
"Calgary, Alberta",Men,25 to 54 years,2021,340.3,7.7,86,340300
"Calgary, Alberta",Men,25 to 54 years,2022,367.1,4.7,89.2,367100
"Calgary, Alberta",Men,25 to 54 years,2023,384.5,4.6,89.2,384500
"Calgary, Alberta",Men,25 to 54 years,2024,408.7,5.9,88.3,408700
"Calgary, Alberta",Men,25 to 54 years,2025,421.5,5.2,88.9,421500
"Calgary, Alberta",Men,55 years and over,2021,185.5,9,46.4,185500
"Calgary, Alberta",Men,55 years and over,2022,183.7,5.9,45.7,183700
"Calgary, Alberta",Men,55 years and over,2023,195.7,6.2,45,195700
"Calgary, Alberta",Men,55 years and over,2024,211.9,7.2,45.8,211900
"Calgary, Alberta",Men,55 years and over,2025,227.6,6.5,44.4,227600
"Calgary, Alberta",Women,15 to 24 years,2021,90.3,11.7,54.2,90300
"Calgary, Alberta",Women,15 to 24 years,2022,96.1,11.6,54.9,96100
"Calgary, Alberta",Women,15 to 24 years,2023,91.3,8,55.1,91300
"Calgary, Alberta",Women,15 to 24 years,2024,102.1,13.2,54.2,102100
"Calgary, Alberta",Women,15 to 24 years,2025,118.5,13.5,55.8,118500
"Calgary, Alberta",Women,25 to 54 years,2021,349.6,7.7,76.7,349600
"Calgary, Alberta",Women,25 to 54 years,2022,366.9,5.5,80.2,366900
"Calgary, Alberta",Women,25 to 54 years,2023,384.6,5.7,79.4,384600
"Calgary, Alberta",Women,25 to 54 years,2024,400.1,6.8,78.4,400100
"Calgary, Alberta",Women,25 to 54 years,2025,398.1,6.6,78.7,398100
"Calgary, Alberta",Women,55 years and over,2021,195.3,10.6,37,195300
"Calgary, Alberta",Women,55 years and over,2022,186.1,6,35.9,186100
"Calgary, Alberta",Women,55 years and over,2023,208.8,6.1,34.8,208800
"Calgary, Alberta",Women,55 years and over,2024,217.3,6.8,33.6,217300
"Calgary, Alberta",Women,55 years and over,2025,242.6,4.3,32.4,242600
"Red Deer, Alberta ",Men,15 to 24 years,2021,6.2,x,59.7,6200
"Red Deer, Alberta ",Men,15 to 24 years,2022,5.3,x,54.7,5300
"Red Deer, Alberta ",Men,15 to 24 years,2023,6.9,x,66.7,6900
"Red Deer, Alberta ",Men,15 to 24 years,2024,5.6,x,69.6,5600
"Red Deer, Alberta ",Men,15 to 24 years,2025,8.2,x,58.5,8200
"Red Deer, Alberta ",Men,25 to 54 years,2021,17.6,x,83.5,17600
"Red Deer, Alberta ",Men,25 to 54 years,2022,18.3,x,83.6,18300
"Red Deer, Alberta ",Men,25 to 54 years,2023,19.7,x,83.2,19700
"Red Deer, Alberta ",Men,25 to 54 years,2024,22.9,9.3,80.8,22900
"Red Deer, Alberta ",Men,25 to 54 years,2025,23.8,7.4,84.5,23800
"Red Deer, Alberta ",Men,55 years and over,2021,15.4,x,43.5,15400
"Red Deer, Alberta ",Men,55 years and over,2022,16.9,x,43.2,16900
"Red Deer, Alberta ",Men,55 years and over,2023,17.3,x,35.8,17300
"Red Deer, Alberta ",Men,55 years and over,2024,16.3,x,36.8,16300
"Red Deer, Alberta ",Men,55 years and over,2025,14.3,x,42,14300
"Red Deer, Alberta ",Women,15 to 24 years,2021,6.8,x,51.5,6800
"Red Deer, Alberta ",Women,15 to 24 years,2022,6.5,x,63.1,6500
"Red Deer, Alberta ",Women,15 to 24 years,2023,4.9,x,69.4,4900
"Red Deer, Alberta ",Women,15 to 24 years,2024,6.1,x,59,6100
"Red Deer, Alberta ",Women,15 to 24 years,2025,6.6,x,51.5,6600
"Red Deer, Alberta ",Women,25 to 54 years,2021,19.5,10.4,75.9,19500
"Red Deer, Alberta ",Women,25 to 54 years,2022,18.3,x,78.7,18300
"Red Deer, Alberta ",Women,25 to 54 years,2023,18.9,x,76.2,18900
"Red Deer, Alberta ",Women,25 to 54 years,2024,23.2,x,78.4,23200
"Red Deer, Alberta ",Women,25 to 54 years,2025,24.1,x,81.7,24100
"Red Deer, Alberta ",Women,55 years and over,2021,18.2,x,30.8,18200
"Red Deer, Alberta ",Women,55 years and over,2022,19.9,x,34.7,19900
"Red Deer, Alberta ",Women,55 years and over,2023,20.1,x,31.3,20100
"Red Deer, Alberta ",Women,55 years and over,2024,17.3,x,28.9,17300
"Red Deer, Alberta ",Women,55 years and over,2025,17,x,30.6,17000
"Edmonton, Alberta",Men,15 to 24 years,2021,95.2,18.7,52.7,95200
"Edmonton, Alberta",Men,15 to 24 years,2022,97.7,10.7,57.2,97700
"Edmonton, Alberta",Men,15 to 24 years,2023,102.2,15.6,52,102200
"Edmonton, Alberta",Men,15 to 24 years,2024,102.5,17.6,51.3,102500
"Edmonton, Alberta",Men,15 to 24 years,2025,112.7,17.2,52.1,112700
"Edmonton, Alberta",Men,25 to 54 years,2021,325.9,6.7,86.7,325900
"Edmonton, Alberta",Men,25 to 54 years,2022,326,4.9,87.8,326000
"Edmonton, Alberta",Men,25 to 54 years,2023,332.1,4.8,89.4,332100
"Edmonton, Alberta",Men,25 to 54 years,2024,352.8,6,86.7,352800
"Edmonton, Alberta",Men,25 to 54 years,2025,365.8,6.3,86.9,365800
"Edmonton, Alberta",Men,55 years and over,2021,183.5,8.6,45.6,183500
"Edmonton, Alberta",Men,55 years and over,2022,193.6,6.3,42.3,193600
"Edmonton, Alberta",Men,55 years and over,2023,195.5,4.2,46.4,195500
"Edmonton, Alberta",Men,55 years and over,2024,200.3,7,41.1,200300
"Edmonton, Alberta",Men,55 years and over,2025,198.4,6.2,40.7,198400
"Edmonton, Alberta",Women,15 to 24 years,2021,88.3,14.5,53.3,88300
"Edmonton, Alberta",Women,15 to 24 years,2022,86,10.3,60,86000
"Edmonton, Alberta",Women,15 to 24 years,2023,99.6,11.5,61,99600
"Edmonton, Alberta",Women,15 to 24 years,2024,99.8,14,57.3,99800
"Edmonton, Alberta",Women,15 to 24 years,2025,98.1,15.9,51.4,98100
"Edmonton, Alberta",Women,25 to 54 years,2021,320.9,7.5,76.8,320900
"Edmonton, Alberta",Women,25 to 54 years,2022,313.7,4.8,81.6,313700
"Edmonton, Alberta",Women,25 to 54 years,2023,327.9,5.1,79.4,327900
"Edmonton, Alberta",Women,25 to 54 years,2024,345.6,6.3,77.4,345600
"Edmonton, Alberta",Women,25 to 54 years,2025,368.5,6.7,76.3,368500
"Edmonton, Alberta",Women,55 years and over,2021,193.5,9.5,35.8,193500
"Edmonton, Alberta",Women,55 years and over,2022,210.5,6.3,34,210500
"Edmonton, Alberta",Women,55 years and over,2023,208.3,4.2,34.2,208300
"Edmonton, Alberta",Women,55 years and over,2024,223.4,4.9,32.2,223400
"Edmonton, Alberta",Women,55 years and over,2025,212.5,4.3,33.6,212500
"Kelowna, British Columbia",Men,15 to 24 years,2021,11.6,x,64.7,11600
"Kelowna, British Columbia",Men,15 to 24 years,2022,12.5,x,62.4,12500
"Kelowna, British Columbia",Men,15 to 24 years,2023,12.1,x,66.9,12100
"Kelowna, British Columbia",Men,15 to 24 years,2024,17.8,x,59.6,17800
"Kelowna, British Columbia",Men,15 to 24 years,2025,15.7,x,55.4,15700
"Kelowna, British Columbia",Men,25 to 54 years,2021,42.8,5.7,88.6,42800
"Kelowna, British Columbia",Men,25 to 54 years,2022,40.4,3.9,91.8,40400
"Kelowna, British Columbia",Men,25 to 54 years,2023,44.9,4,90.6,44900
"Kelowna, British Columbia",Men,25 to 54 years,2024,42.8,5.8,83.9,42800
"Kelowna, British Columbia",Men,25 to 54 years,2025,47,8.2,83.2,47000
"Kelowna, British Columbia",Men,55 years and over,2021,37,x,36.2,37000
"Kelowna, British Columbia",Men,55 years and over,2022,40.8,x,29.9,40800
"Kelowna, British Columbia",Men,55 years and over,2023,41.7,x,36.5,41700
"Kelowna, British Columbia",Men,55 years and over,2024,41.3,x,32.2,41300
"Kelowna, British Columbia",Men,55 years and over,2025,39.7,x,40.6,39700
"Kelowna, British Columbia",Women,15 to 24 years,2021,12.1,x,65.3,12100
"Kelowna, British Columbia",Women,15 to 24 years,2022,9,x,82.2,9000
"Kelowna, British Columbia",Women,15 to 24 years,2023,7.9,x,74.7,7900
"Kelowna, British Columbia",Women,15 to 24 years,2024,15,x,72.7,15000
"Kelowna, British Columbia",Women,15 to 24 years,2025,12.1,x,60.3,12100
"Kelowna, British Columbia",Women,25 to 54 years,2021,40.5,x,83,40500
"Kelowna, British Columbia",Women,25 to 54 years,2022,42.2,x,83.6,42200
"Kelowna, British Columbia",Women,25 to 54 years,2023,41.6,x,87,41600
"Kelowna, British Columbia",Women,25 to 54 years,2024,43.5,x,83.4,43500
"Kelowna, British Columbia",Women,25 to 54 years,2025,48.4,5.3,77.3,48400
"Kelowna, British Columbia",Women,55 years and over,2021,42.1,x,24.2,42100
"Kelowna, British Columbia",Women,55 years and over,2022,46.7,x,26.6,46700
"Kelowna, British Columbia",Women,55 years and over,2023,49.4,x,26.9,49400
"Kelowna, British Columbia",Women,55 years and over,2024,45.1,x,22.8,45100
"Kelowna, British Columbia",Women,55 years and over,2025,47.4,x,28.3,47400
"Kamloops, British Columbia ",Men,15 to 24 years,2021,10,x,68,10000
"Kamloops, British Columbia ",Men,15 to 24 years,2022,11.2,x,67.9,11200
"Kamloops, British Columbia ",Men,15 to 24 years,2023,5.9,x,57.6,5900
"Kamloops, British Columbia ",Men,15 to 24 years,2024,10.8,x,77.8,10800
"Kamloops, British Columbia ",Men,15 to 24 years,2025,7.9,x,65.8,7900
"Kamloops, British Columbia ",Men,25 to 54 years,2021,28.9,x,88.9,28900
"Kamloops, British Columbia ",Men,25 to 54 years,2022,24.4,x,90.2,24400
"Kamloops, British Columbia ",Men,25 to 54 years,2023,22.4,x,83.5,22400
"Kamloops, British Columbia ",Men,25 to 54 years,2024,24.1,x,85.5,24100
"Kamloops, British Columbia ",Men,25 to 54 years,2025,28.7,6.5,85.4,28700
"Kamloops, British Columbia ",Men,55 years and over,2021,23.3,x,36.9,23300
"Kamloops, British Columbia ",Men,55 years and over,2022,18.9,x,32.8,18900
"Kamloops, British Columbia ",Men,55 years and over,2023,17,x,32.4,17000
"Kamloops, British Columbia ",Men,55 years and over,2024,16.7,x,36.5,16700
"Kamloops, British Columbia ",Men,55 years and over,2025,18.5,x,40,18500
"Kamloops, British Columbia ",Women,15 to 24 years,2021,7.3,x,69.9,7300
"Kamloops, British Columbia ",Women,15 to 24 years,2022,10.9,x,82.6,10900
"Kamloops, British Columbia ",Women,15 to 24 years,2023,6.5,x,73.8,6500
"Kamloops, British Columbia ",Women,15 to 24 years,2024,7.2,x,55.6,7200
"Kamloops, British Columbia ",Women,15 to 24 years,2025,8.6,x,53.5,8600
"Kamloops, British Columbia ",Women,25 to 54 years,2021,27.9,x,72.4,27900
"Kamloops, British Columbia ",Women,25 to 54 years,2022,26.6,x,82.3,26600
"Kamloops, British Columbia ",Women,25 to 54 years,2023,23.3,x,90.1,23300
"Kamloops, British Columbia ",Women,25 to 54 years,2024,21.2,x,82.1,21200
"Kamloops, British Columbia ",Women,25 to 54 years,2025,30.4,x,82.6,30400
"Kamloops, British Columbia ",Women,55 years and over,2021,24.3,x,26.7,24300
"Kamloops, British Columbia ",Women,55 years and over,2022,20.9,x,23.9,20900
"Kamloops, British Columbia ",Women,55 years and over,2023,16.2,x,29.6,16200
"Kamloops, British Columbia ",Women,55 years and over,2024,19.3,x,26.4,19300
"Kamloops, British Columbia ",Women,55 years and over,2025,18.1,x,22.7,18100
"Chilliwack, British Columbia ",Men,15 to 24 years,2021,5.2,x,59.6,5200
"Chilliwack, British Columbia ",Men,15 to 24 years,2022,5.8,x,58.6,5800
"Chilliwack, British Columbia ",Men,15 to 24 years,2023,7.3,x,64.4,7300
"Chilliwack, British Columbia ",Men,15 to 24 years,2024,9,x,58.9,9000
"Chilliwack, British Columbia ",Men,15 to 24 years,2025,9,x,66.7,9000
"Chilliwack, British Columbia ",Men,25 to 54 years,2021,18.9,x,88.9,18900
"Chilliwack, British Columbia ",Men,25 to 54 years,2022,23.6,x,89.8,23600
"Chilliwack, British Columbia ",Men,25 to 54 years,2023,21,x,88.1,21000
"Chilliwack, British Columbia ",Men,25 to 54 years,2024,23.7,x,84.4,23700
"Chilliwack, British Columbia ",Men,25 to 54 years,2025,21.9,x,88.1,21900
"Chilliwack, British Columbia ",Men,55 years and over,2021,19.7,x,37.1,19700
"Chilliwack, British Columbia ",Men,55 years and over,2022,16.2,x,38.9,16200
"Chilliwack, British Columbia ",Men,55 years and over,2023,16.6,x,41.6,16600
"Chilliwack, British Columbia ",Men,55 years and over,2024,17.3,x,37.6,17300
"Chilliwack, British Columbia ",Men,55 years and over,2025,17.8,x,38.2,17800
"Chilliwack, British Columbia ",Women,15 to 24 years,2021,5.4,x,68.5,5400
"Chilliwack, British Columbia ",Women,15 to 24 years,2022,5.2,x,57.7,5200
"Chilliwack, British Columbia ",Women,15 to 24 years,2023,6.4,x,78.1,6400
"Chilliwack, British Columbia ",Women,15 to 24 years,2024,4.9,x,57.1,4900
"Chilliwack, British Columbia ",Women,15 to 24 years,2025,7.5,x,49.3,7500
"Chilliwack, British Columbia ",Women,25 to 54 years,2021,19.9,x,78.4,19900
"Chilliwack, British Columbia ",Women,25 to 54 years,2022,23.3,x,78.1,23300
"Chilliwack, British Columbia ",Women,25 to 54 years,2023,23.9,x,74.5,23900
"Chilliwack, British Columbia ",Women,25 to 54 years,2024,21.7,x,74.7,21700
"Chilliwack, British Columbia ",Women,25 to 54 years,2025,23.4,x,77.4,23400
"Chilliwack, British Columbia ",Women,55 years and over,2021,21.3,x,27.2,21300
"Chilliwack, British Columbia ",Women,55 years and over,2022,18.4,x,34.2,18400
"Chilliwack, British Columbia ",Women,55 years and over,2023,19.8,x,33.3,19800
"Chilliwack, British Columbia ",Women,55 years and over,2024,20.5,x,33.7,20500
"Chilliwack, British Columbia ",Women,55 years and over,2025,19.2,x,25,19200
"Abbotsford-Mission, British Columbia",Men,15 to 24 years,2021,15.3,x,61.4,15300
"Abbotsford-Mission, British Columbia",Men,15 to 24 years,2022,13.4,x,56.7,13400
"Abbotsford-Mission, British Columbia",Men,15 to 24 years,2023,13.7,x,62,13700
"Abbotsford-Mission, British Columbia",Men,15 to 24 years,2024,15.6,x,61.5,15600
"Abbotsford-Mission, British Columbia",Men,15 to 24 years,2025,16.1,17.1,54,16100
"Abbotsford-Mission, British Columbia",Men,25 to 54 years,2021,40.7,4,89.2,40700
"Abbotsford-Mission, British Columbia",Men,25 to 54 years,2022,42.3,x,88.9,42300
"Abbotsford-Mission, British Columbia",Men,25 to 54 years,2023,41,x,90.5,41000
"Abbotsford-Mission, British Columbia",Men,25 to 54 years,2024,43.7,4.4,89,43700
"Abbotsford-Mission, British Columbia",Men,25 to 54 years,2025,46.3,4.5,87.7,46300
"Abbotsford-Mission, British Columbia",Men,55 years and over,2021,28.3,x,44.5,28300
"Abbotsford-Mission, British Columbia",Men,55 years and over,2022,26.8,x,41,26800
"Abbotsford-Mission, British Columbia",Men,55 years and over,2023,29.8,x,36.6,29800
"Abbotsford-Mission, British Columbia",Men,55 years and over,2024,28.9,x,41.5,28900
"Abbotsford-Mission, British Columbia",Men,55 years and over,2025,28.7,x,43.9,28700
"Abbotsford-Mission, British Columbia",Women,15 to 24 years,2021,12.6,x,61.1,12600
"Abbotsford-Mission, British Columbia",Women,15 to 24 years,2022,13.2,x,62.1,13200
"Abbotsford-Mission, British Columbia",Women,15 to 24 years,2023,10.8,x,55.6,10800
"Abbotsford-Mission, British Columbia",Women,15 to 24 years,2024,14.3,x,60.1,14300
"Abbotsford-Mission, British Columbia",Women,15 to 24 years,2025,14,x,56.4,14000
"Abbotsford-Mission, British Columbia",Women,25 to 54 years,2021,39.5,5.8,78,39500
"Abbotsford-Mission, British Columbia",Women,25 to 54 years,2022,41.3,4.4,79.4,41300
"Abbotsford-Mission, British Columbia",Women,25 to 54 years,2023,43.9,5.3,77,43900
"Abbotsford-Mission, British Columbia",Women,25 to 54 years,2024,44,5.5,78,44000
"Abbotsford-Mission, British Columbia",Women,25 to 54 years,2025,45.2,6.9,75,45200
"Abbotsford-Mission, British Columbia",Women,55 years and over,2021,30,x,30.3,30000
"Abbotsford-Mission, British Columbia",Women,55 years and over,2022,31.2,x,31.7,31200
"Abbotsford-Mission, British Columbia",Women,55 years and over,2023,33.4,x,27.2,33400
"Abbotsford-Mission, British Columbia",Women,55 years and over,2024,31.3,x,30.7,31300
"Abbotsford-Mission, British Columbia",Women,55 years and over,2025,30.9,x,27.8,30900
"Vancouver, British Columbia",Men,15 to 24 years,2021,168.2,14.3,53.9,168200
"Vancouver, British Columbia",Men,15 to 24 years,2022,176.3,11.5,53.6,176300
"Vancouver, British Columbia",Men,15 to 24 years,2023,177,10.5,56.6,177000
"Vancouver, British Columbia",Men,15 to 24 years,2024,191.3,11.6,51.2,191300
"Vancouver, British Columbia",Men,15 to 24 years,2025,204.8,12.7,50.9,204800
"Vancouver, British Columbia",Men,25 to 54 years,2021,606.2,5.2,88.1,606200
"Vancouver, British Columbia",Men,25 to 54 years,2022,618.6,4.2,87.9,618600
"Vancouver, British Columbia",Men,25 to 54 years,2023,653.7,5.1,88.2,653700
"Vancouver, British Columbia",Men,25 to 54 years,2024,684.9,5.2,88,684900
"Vancouver, British Columbia",Men,25 to 54 years,2025,703.4,5.3,87.8,703400
"Vancouver, British Columbia",Men,55 years and over,2021,378.9,6.3,45,378900
"Vancouver, British Columbia",Men,55 years and over,2022,392.5,3.9,45,392500
"Vancouver, British Columbia",Men,55 years and over,2023,395,3.3,44.8,395000
"Vancouver, British Columbia",Men,55 years and over,2024,417.6,3.1,44.5,417600
"Vancouver, British Columbia",Men,55 years and over,2025,429.4,4.3,43,429400
"Vancouver, British Columbia",Women,15 to 24 years,2021,171.7,13.9,54.7,171700
"Vancouver, British Columbia",Women,15 to 24 years,2022,171.5,7.3,60.3,171500
"Vancouver, British Columbia",Women,15 to 24 years,2023,180.6,9.5,57.9,180600
"Vancouver, British Columbia",Women,15 to 24 years,2024,181,13.6,49.7,181000
"Vancouver, British Columbia",Women,15 to 24 years,2025,182.4,17.1,43.7,182400
"Vancouver, British Columbia",Women,25 to 54 years,2021,626.3,5.6,79.5,626300
"Vancouver, British Columbia",Women,25 to 54 years,2022,623.9,4.3,81.1,623900
"Vancouver, British Columbia",Women,25 to 54 years,2023,650.2,5.2,80.4,650200
"Vancouver, British Columbia",Women,25 to 54 years,2024,682.7,5.7,79.1,682700
"Vancouver, British Columbia",Women,25 to 54 years,2025,701,5.9,80.4,701000
"Vancouver, British Columbia",Women,55 years and over,2021,411.5,7.9,32.7,411500
"Vancouver, British Columbia",Women,55 years and over,2022,430.1,2.8,33.6,430100
"Vancouver, British Columbia",Women,55 years and over,2023,443.3,5.4,33.7,443300
"Vancouver, British Columbia",Women,55 years and over,2024,464,4.1,32.6,464000
"Vancouver, British Columbia",Women,55 years and over,2025,475.6,4.2,31.2,475600
"Victoria, British Columbia",Men,15 to 24 years,2021,23.2,x,61.2,23200
"Victoria, British Columbia",Men,15 to 24 years,2022,18.8,x,62.8,18800
"Victoria, British Columbia",Men,15 to 24 years,2023,26.8,8.7,62.7,26800
"Victoria, British Columbia",Men,15 to 24 years,2024,23.3,x,65.7,23300
"Victoria, British Columbia",Men,15 to 24 years,2025,25.7,10.8,57.6,25700
"Victoria, British Columbia",Men,25 to 54 years,2021,80.6,4.3,86.2,80600
"Victoria, British Columbia",Men,25 to 54 years,2022,79.7,2.8,90.2,79700
"Victoria, British Columbia",Men,25 to 54 years,2023,82.5,3.6,88,82500
"Victoria, British Columbia",Men,25 to 54 years,2024,88.4,3.6,88.3,88400
"Victoria, British Columbia",Men,25 to 54 years,2025,91.1,3.5,88.6,91100
"Victoria, British Columbia",Men,55 years and over,2021,65.6,x,37.7,65600
"Victoria, British Columbia",Men,55 years and over,2022,70,x,37.3,70000
"Victoria, British Columbia",Men,55 years and over,2023,67.9,x,36.4,67900
"Victoria, British Columbia",Men,55 years and over,2024,68.8,x,40.4,68800
"Victoria, British Columbia",Men,55 years and over,2025,67.3,x,36.8,67300
"Victoria, British Columbia",Women,15 to 24 years,2021,20.5,x,61,20500
"Victoria, British Columbia",Women,15 to 24 years,2022,25.7,x,66.9,25700
"Victoria, British Columbia",Women,15 to 24 years,2023,22.3,x,62.8,22300
"Victoria, British Columbia",Women,15 to 24 years,2024,29.1,8.6,66,29100
"Victoria, British Columbia",Women,15 to 24 years,2025,27.4,8.5,63.1,27400
"Victoria, British Columbia",Women,25 to 54 years,2021,80.1,3.5,85.8,80100
"Victoria, British Columbia",Women,25 to 54 years,2022,83.3,3,85.7,83300
"Victoria, British Columbia",Women,25 to 54 years,2023,88.4,2.4,85.7,88400
"Victoria, British Columbia",Women,25 to 54 years,2024,87.8,3.2,85.4,87800
"Victoria, British Columbia",Women,25 to 54 years,2025,92.7,2.8,86.8,92700
"Victoria, British Columbia",Women,55 years and over,2021,78.7,7.3,27.6,78700
"Victoria, British Columbia",Women,55 years and over,2022,79.1,x,25.9,79100
"Victoria, British Columbia",Women,55 years and over,2023,76,x,28.4,76000
"Victoria, British Columbia",Women,55 years and over,2024,77,x,34.5,77000
"Victoria, British Columbia",Women,55 years and over,2025,76.1,x,33.2,76100
"Nanaimo, British Columbia ",Men,15 to 24 years,2021,8.4,x,63.1,8400
"Nanaimo, British Columbia ",Men,15 to 24 years,2022,8.7,x,58.6,8700
"Nanaimo, British Columbia ",Men,15 to 24 years,2023,7.8,x,65.4,7800
"Nanaimo, British Columbia ",Men,15 to 24 years,2024,8.3,x,45.8,8300
"Nanaimo, British Columbia ",Men,15 to 24 years,2025,7.5,x,53.3,7500
"Nanaimo, British Columbia ",Men,25 to 54 years,2021,21.3,x,82.2,21300
"Nanaimo, British Columbia ",Men,25 to 54 years,2022,23.5,x,85.5,23500
"Nanaimo, British Columbia ",Men,25 to 54 years,2023,23.7,x,86.1,23700
"Nanaimo, British Columbia ",Men,25 to 54 years,2024,24.3,x,86.8,24300
"Nanaimo, British Columbia ",Men,25 to 54 years,2025,26,7.1,86.2,26000
"Nanaimo, British Columbia ",Men,55 years and over,2021,19.7,x,36,19700
"Nanaimo, British Columbia ",Men,55 years and over,2022,19,x,30.5,19000
"Nanaimo, British Columbia ",Men,55 years and over,2023,17.3,x,31.8,17300
"Nanaimo, British Columbia ",Men,55 years and over,2024,18.3,x,34.4,18300
"Nanaimo, British Columbia ",Men,55 years and over,2025,18.6,x,30.6,18600
"Nanaimo, British Columbia ",Women,15 to 24 years,2021,4.8,x,75,4800
"Nanaimo, British Columbia ",Women,15 to 24 years,2022,6.1,x,68.9,6100
"Nanaimo, British Columbia ",Women,15 to 24 years,2023,9.9,x,75.8,9900
"Nanaimo, British Columbia ",Women,15 to 24 years,2024,8.7,x,72.4,8700
"Nanaimo, British Columbia ",Women,15 to 24 years,2025,8.7,x,65.5,8700
"Nanaimo, British Columbia ",Women,25 to 54 years,2021,22.5,x,80,22500
"Nanaimo, British Columbia ",Women,25 to 54 years,2022,25.2,x,87.7,25200
"Nanaimo, British Columbia ",Women,25 to 54 years,2023,24.5,x,81.6,24500
"Nanaimo, British Columbia ",Women,25 to 54 years,2024,26.3,x,78.7,26300
"Nanaimo, British Columbia ",Women,25 to 54 years,2025,24.9,x,79.5,24900
"Nanaimo, British Columbia ",Women,55 years and over,2021,24.5,x,27.8,24500
"Nanaimo, British Columbia ",Women,55 years and over,2022,20.9,x,29.7,20900
"Nanaimo, British Columbia ",Women,55 years and over,2023,22.3,x,29.6,22300
"Nanaimo, British Columbia ",Women,55 years and over,2024,22.2,x,26.6,22200
"Nanaimo, British Columbia ",Women,55 years and over,2025,24.4,x,23.8,24400
